{
"type": "FeatureCollection",
"name": "cultural_assets_tpe",
"crs": { "type": "name", "properties": { "name": "urn:ogc:def:crs:OGC:1.3:CRS84" } },
"features": [
{ "type": "Feature", "properties": { "name": "大安十二甲東門住宅利用信用購買組合房舍", "affection": "歷史建築", "category": "宅第", "rank": null, "district": "大安區", "address": "大安區永康街31巷11號", "new_address": "臺北市大安區永康街31巷11號" }, "geometry": { "type": "Point", "coordinates": [ 121.530485, 25.031531 ] } },
{ "type": "Feature", "properties": { "name": "北投賴氏祖厝", "affection": "歷史建築", "category": "祠堂", "rank": null, "district": "北投區", "address": "北投區文林北路221巷18-1號", "new_address": "臺北市北投區文林北路221巷18-1號" }, "geometry": { "type": "Point", "coordinates": [ 121.513741, 25.108308 ] } },
{ "type": "Feature", "properties": { "name": "迪化街1段192號店屋", "affection": "歷史建築", "category": "宅第", "rank": null, "district": "大同區", "address": "大同區迪化街1段192號", "new_address": "臺北市大同區迪化街1段192號" }, "geometry": { "type": "Point", "coordinates": [ 121.509636, 25.063566 ] } },
{ "type": "Feature", "properties": { "name": "鐵路局北淡線（圓山站）宿舍", "affection": "歷史建築", "category": "宅第", "rank": null, "district": "大同區", "address": "大同區酒泉街9巷13號", "new_address": "臺北市大同區酒泉街9巷13號" }, "geometry": { "type": "Point", "coordinates": [ 121.519878, 25.071344 ] } },
{ "type": "Feature", "properties": { "name": "迪化街一段372號店屋", "affection": "歷史建築", "category": "宅第", "rank": null, "district": "大同區", "address": "大同區迪化街一段372號", "new_address": "臺北市大同區迪化街一段372號" }, "geometry": { "type": "Point", "coordinates": [ 121.509207, 25.063006 ] } },
{ "type": "Feature", "properties": { "name": "山仔后前美軍宿舍", "affection": "歷史建築", "category": "宅第", "rank": null, "district": "士林區", "address": "士林區愛富2街1號", "new_address": "臺北市士林區愛富2街1號" }, "geometry": { "type": "Point", "coordinates": [ 121.545051, 25.138938 ] } },
{ "type": "Feature", "properties": { "name": "懷寧街98號店屋", "affection": "古蹟", "category": "其他設施", "rank": "市定", "district": "中正區", "address": "中正區懷寧街98號", "new_address": "臺北市中正區懷寧街98號" }, "geometry": { "type": "Point", "coordinates": [ 121.513946, 25.042112 ] } },
{ "type": "Feature", "properties": { "name": "延平北路二段210巷5號店屋", "affection": "歷史建築", "category": "宅第", "rank": null, "district": "大同區", "address": "大同區延平北路2段210巷5號", "new_address": "臺北市大同區延平北路2段210巷5號" }, "geometry": { "type": "Point", "coordinates": [ 121.511684, 25.055428 ] } },
{ "type": "Feature", "properties": { "name": "原專賣局臺北後站倉庫", "affection": "歷史建築", "category": "產業,其他設施", "rank": null, "district": "大同區", "address": "大同區承德路4號", "new_address": "臺北市大同區承德路4號" }, "geometry": { "type": "Point", "coordinates": [ 121.517887, 25.066906 ] } },
{ "type": "Feature", "properties": { "name": "迪化街1段142號店屋", "affection": "歷史建築", "category": "宅第", "rank": null, "district": "大同區", "address": "大同區迪化街1段142號", "new_address": "臺北市大同區迪化街1段142號" }, "geometry": { "type": "Point", "coordinates": [ 121.509636, 25.063566 ] } },
{ "type": "Feature", "properties": { "name": "前日軍衛戍醫院北投分院", "affection": "古蹟", "category": "其他設施", "rank": "市定", "district": "北投區", "address": "北投區新民路60號", "new_address": "臺北市北投區新民路60號" }, "geometry": { "type": "Point", "coordinates": [ 121.509688, 25.13989 ] } },
{ "type": "Feature", "properties": { "name": "延平南路45號", "affection": "歷史建築", "category": "其他設施", "rank": null, "district": "中正區", "address": "中正區延平南路45號", "new_address": "臺北市中正區延平南路45號" }, "geometry": { "type": "Point", "coordinates": [ 121.510519, 25.045023 ] } },
{ "type": "Feature", "properties": { "name": "原臺灣教育會館", "affection": "古蹟", "category": "其他設施", "rank": "市定", "district": "中正區", "address": "中正區南海路54號", "new_address": "臺北市中正區南海路54號" }, "geometry": { "type": "Point", "coordinates": [ 121.51379, 25.031616 ] } },
{ "type": "Feature", "properties": { "name": "齊東街53巷9號日式宿舍", "affection": "歷史建築", "category": "宅第", "rank": null, "district": "中正區", "address": "中正區齊東街53巷9號", "new_address": "臺北市中正區齊東街53巷9號" }, "geometry": { "type": "Point", "coordinates": [ 121.528617, 25.041611 ] } },
{ "type": "Feature", "properties": { "name": "青田街6巷3號日式宿舍", "affection": "歷史建築", "category": "宅第", "rank": null, "district": "大安區", "address": "大安區青田街6巷 3號", "new_address": "臺北市大安區青田街6巷 3號" }, "geometry": { "type": "Point", "coordinates": [ 121.531644, 25.028192 ] } },
{ "type": "Feature", "properties": { "name": "北投穀倉", "affection": "古蹟", "category": "其他設施", "rank": "市定", "district": "北投區", "address": "北投區大同街一段153號", "new_address": "臺北市北投區大同街一段153號" }, "geometry": { "type": "Point", "coordinates": [ 121.499086, 25.136734 ] } },
{ "type": "Feature", "properties": { "name": "王寵惠墓園", "affection": "古蹟", "category": "墓葬", "rank": "市定", "district": "士林區", "address": "士林區臺北市士林區臨溪路70號", "new_address": "臺北市士林區臺北市士林區臨溪路70號" }, "geometry": { "type": "Point", "coordinates": [ 121.546277, 25.093076 ] } },
{ "type": "Feature", "properties": { "name": "總督府山林課宿舍群", "affection": "歷史建築", "category": "宅第", "rank": null, "district": "大安區", "address": "大安區金山南路2段203巷19號", "new_address": "臺北市大安區金山南路2段203巷19號" }, "geometry": { "type": "Point", "coordinates": [ 121.527056, 25.033822 ] } },
{ "type": "Feature", "properties": { "name": "傅園", "affection": "古蹟", "category": "其他設施", "rank": "市定", "district": "大安區", "address": "大安區羅斯福路4段1號", "new_address": "臺北市大安區羅斯福路4段1號" }, "geometry": { "type": "Point", "coordinates": [ 121.530434, 25.018636 ] } },
{ "type": "Feature", "properties": { "name": "菊元百貨店", "affection": "歷史建築", "category": "其他設施", "rank": null, "district": "中正區", "address": "中正區臺北市中正區博愛路150號", "new_address": "臺北市中正區臺北市中正區博愛路150號" }, "geometry": { "type": "Point", "coordinates": [ 121.511409, 25.042526 ] } },
{ "type": "Feature", "properties": { "name": "市長官邸", "affection": "歷史建築", "category": "官邸", "rank": null, "district": "中正區", "address": "中正區徐州路44、46號", "new_address": "臺北市中正區徐州路44、46號" }, "geometry": { "type": "Point", "coordinates": [ 121.522401, 25.040987 ] } },
{ "type": "Feature", "properties": { "name": "西寧北路1巷2號", "affection": "歷史建築", "category": "宅第", "rank": null, "district": "大同區", "address": "大同區西寧北路1巷2號", "new_address": "臺北市大同區西寧北路1巷2號" }, "geometry": { "type": "Point", "coordinates": [ 121.508464, 25.04911 ] } },
{ "type": "Feature", "properties": { "name": "臺灣總督府臺北師範學校「創立三十周年紀念碑」", "affection": "歷史建築", "category": "碑碣", "rank": null, "district": "中正區", "address": "中正區愛國西路1號", "new_address": "臺北市中正區愛國西路1號" }, "geometry": { "type": "Point", "coordinates": [ 121.513577, 25.03556 ] } },
{ "type": "Feature", "properties": { "name": "北投普濟寺", "affection": "古蹟", "category": "寺廟", "rank": "市定", "district": "北投區", "address": "北投區溫泉路112號", "new_address": "臺北市北投區溫泉路112號" }, "geometry": { "type": "Point", "coordinates": [ 121.501895, 25.133465 ] } },
{ "type": "Feature", "properties": { "name": "天母白屋(美軍宿舍)", "affection": "古蹟", "category": "其他設施", "rank": "市定", "district": "士林區", "address": "士林區天母里中山北路7段181巷23號", "new_address": "臺北市士林區天母里中山北路7段181巷23號" }, "geometry": { "type": "Point", "coordinates": [ 121.528231, 25.086991 ] } },
{ "type": "Feature", "properties": { "name": "蠶業改良場宿舍", "affection": "歷史建築", "category": "宅第", "rank": null, "district": "大安區", "address": "大安區羅斯福路四段119巷62號", "new_address": "臺北市大安區羅斯福路四段119巷62號" }, "geometry": { "type": "Point", "coordinates": [ 121.538954, 25.009559 ] } },
{ "type": "Feature", "properties": { "name": "舊總督府第二師範學校大禮堂", "affection": "古蹟", "category": "其他設施", "rank": "市定", "district": "大安區", "address": "大安區和平東路二段134號", "new_address": "臺北市大安區和平東路二段134號" }, "geometry": { "type": "Point", "coordinates": [ 121.545729, 25.024449 ] } },
{ "type": "Feature", "properties": { "name": "延平北路二段214號店屋", "affection": "歷史建築", "category": "宅第", "rank": null, "district": "大同區", "address": "大同區延平北路二段214號", "new_address": "臺北市大同區延平北路二段214號" }, "geometry": { "type": "Point", "coordinates": [ 121.511332, 25.059372 ] } },
{ "type": "Feature", "properties": { "name": "貴陽街二段117號店屋", "affection": "歷史建築", "category": "商店,宅第", "rank": null, "district": "萬華區", "address": "萬華區貴陽街2段117號", "new_address": "臺北市萬華區貴陽街2段117號" }, "geometry": { "type": "Point", "coordinates": [ 121.50683, 25.039242 ] } },
{ "type": "Feature", "properties": { "name": "延平北路2段54號店屋", "affection": "歷史建築", "category": "宅第", "rank": null, "district": "大同區", "address": "大同區延平北路2段54號", "new_address": "臺北市大同區延平北路2段54號" }, "geometry": { "type": "Point", "coordinates": [ 121.511684, 25.055428 ] } },
{ "type": "Feature", "properties": { "name": "開封街一段81、83號店屋", "affection": "歷史建築", "category": "商店", "rank": null, "district": "中正區", "address": "中正區開封街一段83號", "new_address": "臺北市中正區開封街一段83號" }, "geometry": { "type": "Point", "coordinates": [ 121.511522, 25.04606 ] } },
{ "type": "Feature", "properties": { "name": "迪化街1段84號店屋", "affection": "歷史建築", "category": "其他設施", "rank": null, "district": "大同區", "address": "大同區迪化街一段84號", "new_address": "臺北市大同區迪化街一段84號" }, "geometry": { "type": "Point", "coordinates": [ 121.509901, 25.055884 ] } },
{ "type": "Feature", "properties": { "name": "志生樓", "affection": "歷史建築", "category": "辦公廳舍", "rank": null, "district": "中山區", "address": "中山區中山北路3段22號", "new_address": "臺北市中山區中山北路3段22號" }, "geometry": { "type": "Point", "coordinates": [ 121.522036, 25.049298 ] } },
{ "type": "Feature", "properties": { "name": "臺灣大學醫學院舊藥學館", "affection": "歷史建築", "category": "學校", "rank": null, "district": "中正區", "address": "中正區徐州路2之5號", "new_address": "臺北市中正區徐州路2之5號" }, "geometry": { "type": "Point", "coordinates": [ 121.519684, 25.041438 ] } },
{ "type": "Feature", "properties": { "name": "草山行館", "affection": "歷史建築", "category": "宅第", "rank": null, "district": "北投區", "address": "北投區湖底路89號", "new_address": "臺北市北投區湖底路89號" }, "geometry": { "type": "Point", "coordinates": [ 121.538, 25.154324 ] } },
{ "type": "Feature", "properties": { "name": "原臺灣軍司令官官邸(孫立人將軍官邸)", "affection": "古蹟", "category": "宅第", "rank": "市定", "district": "中正區", "address": "中正區南昌路一段136號", "new_address": "臺北市中正區南昌路一段136號" }, "geometry": { "type": "Point", "coordinates": [ 121.518496, 25.029025 ] } },
{ "type": "Feature", "properties": { "name": "關渡日軍震洋特攻艇收納所", "affection": "歷史建築", "category": "其他設施", "rank": null, "district": "北投區", "address": "北投區知行路360-1號", "new_address": "臺北市北投區知行路360-1號" }, "geometry": { "type": "Point", "coordinates": [ 121.467085, 25.120272 ] } },
{ "type": "Feature", "properties": { "name": "舜水樓", "affection": "歷史建築", "category": "其他設施", "rank": null, "district": "北投區", "address": "北投區陽明路2段15號", "new_address": "臺北市北投區陽明路2段15號" }, "geometry": { "type": "Point", "coordinates": [ 121.511423, 25.123499 ] } },
{ "type": "Feature", "properties": { "name": "忠孝西路二段9號", "affection": "歷史建築", "category": "宅第", "rank": null, "district": "大同區", "address": "大同區忠孝西路二段9號", "new_address": "臺北市大同區忠孝西路二段9號" }, "geometry": { "type": "Point", "coordinates": [ 121.509654, 25.048531 ] } },
{ "type": "Feature", "properties": { "name": "鐵路局局長宿舍", "affection": "歷史建築", "category": "宅第", "rank": null, "district": "大同區", "address": "大同區鄭州路38巷7號", "new_address": "臺北市大同區鄭州路38巷7號" }, "geometry": { "type": "Point", "coordinates": [ 121.508989, 25.049591 ] } },
{ "type": "Feature", "properties": { "name": "松山市場", "affection": "古蹟", "category": "產業", "rank": "市定", "district": "松山區", "address": "松山區松山區八德路4段679號", "new_address": "臺北市松山區松山區八德路4段679號" }, "geometry": { "type": "Point", "coordinates": [ 121.553525, 25.048718 ] } },
{ "type": "Feature", "properties": { "name": "原臺灣土木建築協會", "affection": "歷史建築", "category": "辦公廳舍", "rank": null, "district": "中正區", "address": "中正區延平南路84巷2號", "new_address": "臺北市中正區延平南路84巷2號" }, "geometry": { "type": "Point", "coordinates": [ 121.509958, 25.044574 ] } },
{ "type": "Feature", "properties": { "name": "學海書院（今高氏宗祠）", "affection": "古蹟", "category": "祠堂,書院", "rank": "市定", "district": "萬華區", "address": "萬華區環河南路2段93號", "new_address": "臺北市萬華區環河南路2段93號" }, "geometry": { "type": "Point", "coordinates": [ 121.494606, 25.036238 ] } },
{ "type": "Feature", "properties": { "name": "民生西路333號及延平北路二段111、113、115號店屋", "affection": "歷史建築", "category": "宅第", "rank": null, "district": "大同區", "address": "大同區民生西路333號", "new_address": "臺北市大同區民生西路333號" }, "geometry": { "type": "Point", "coordinates": [ 121.511763, 25.057047 ] } },
{ "type": "Feature", "properties": { "name": "臺灣大學化學工程館", "affection": "歷史建築", "category": "學校", "rank": null, "district": "大安區", "address": "大安區羅斯福路四段一號", "new_address": "臺北市大安區羅斯福路四段一號" }, "geometry": { "type": "Point", "coordinates": [ 121.539086, 25.009674 ] } },
{ "type": "Feature", "properties": { "name": "南京西路237號暨迪化街1段2、4、6號店屋", "affection": "歷史建築", "category": "宅第", "rank": null, "district": "大同區", "address": "大同區南京西路237號", "new_address": "臺北市大同區南京西路237號" }, "geometry": { "type": "Point", "coordinates": [ 121.510117, 25.053784 ] } },
{ "type": "Feature", "properties": { "name": "介壽堂", "affection": "歷史建築", "category": "其他設施", "rank": null, "district": "北投區", "address": "北投區陽明路2段15號", "new_address": "臺北市北投區陽明路2段15號" }, "geometry": { "type": "Point", "coordinates": [ 121.511423, 25.123499 ] } },
{ "type": "Feature", "properties": { "name": "欽差行臺", "affection": "古蹟", "category": "衙署", "rank": "市定", "district": "中正區", "address": "中正區南海路植物園西側(南海路53號)", "new_address": "臺北市中正區南海路植物園西側(南海路53號)" }, "geometry": { "type": "Point", "coordinates": [ 121.511117, 25.032521 ] } },
{ "type": "Feature", "properties": { "name": "臺北工業學校紅樓", "affection": "古蹟", "category": "其他設施", "rank": "市定", "district": "大安區", "address": "大安區忠孝東路3段1號", "new_address": "臺北市大安區忠孝東路3段1號" }, "geometry": { "type": "Point", "coordinates": [ 121.615696, 25.053362 ] } },
{ "type": "Feature", "properties": { "name": "雙園街79號", "affection": "歷史建築", "category": "宅第", "rank": null, "district": "萬華區", "address": "萬華區臺北市萬華區雙園街79號", "new_address": "臺北市萬華區臺北市萬華區雙園街79號" }, "geometry": { "type": "Point", "coordinates": [ 121.493734, 25.030444 ] } },
{ "type": "Feature", "properties": { "name": "羅友倫故居", "affection": "歷史建築", "category": "宅第", "rank": null, "district": "士林區", "address": "士林區中山北路7段81巷45號", "new_address": "臺北市士林區中山北路7段81巷45號" }, "geometry": { "type": "Point", "coordinates": [ 121.52563, 25.08321 ] } },
{ "type": "Feature", "properties": { "name": "迪化街1段178號店屋", "affection": "歷史建築", "category": "宅第", "rank": null, "district": "大同區", "address": "大同區迪化街1段178號", "new_address": "臺北市大同區迪化街1段178號" }, "geometry": { "type": "Point", "coordinates": [ 121.509636, 25.063566 ] } },
{ "type": "Feature", "properties": { "name": "艋舺洪氏祖厝", "affection": "古蹟", "category": "宅第", "rank": "市定", "district": "萬華區", "address": "萬華區莒光路112巷1號", "new_address": "臺北市萬華區莒光路112巷1號" }, "geometry": { "type": "Point", "coordinates": [ 121.503016, 25.031004 ] } },
{ "type": "Feature", "properties": { "name": "殷海光故居", "affection": "古蹟", "category": "其他設施", "rank": "市定", "district": "大安區", "address": "大安區溫州街18巷16弄1-1號", "new_address": "臺北市大安區溫州街18巷16弄1-1號" }, "geometry": { "type": "Point", "coordinates": [ 121.532123, 25.024291 ] } },
{ "type": "Feature", "properties": { "name": "七海寓所（蔣經國故居）", "affection": "古蹟", "category": "宅第", "rank": "市定", "district": "中山區", "address": "中山區臺北市中山區北安路271號", "new_address": "臺北市中山區臺北市中山區北安路271號" }, "geometry": { "type": "Point", "coordinates": [ 121.545823, 25.07977 ] } },
{ "type": "Feature", "properties": { "name": "章嘉活佛舍利塔塔蹟", "affection": "歷史建築", "category": "墓葬", "rank": null, "district": "北投區", "address": "北投區奇岩路151號中和禪寺後方山坡", "new_address": "臺北市北投區奇岩路151號中和禪寺後方山坡" }, "geometry": { "type": "Point", "coordinates": [ 121.50753, 25.127571 ] } },
{ "type": "Feature", "properties": { "name": "重慶南路一段104號店屋（原辻利茶舖）", "affection": "古蹟", "category": "商店", "rank": "市定", "district": "中正區", "address": "中正區重慶南路一段104號", "new_address": "臺北市中正區重慶南路一段104號" }, "geometry": { "type": "Point", "coordinates": [ 121.51254, 25.036224 ] } },
{ "type": "Feature", "properties": { "name": "紫藤廬", "affection": "古蹟", "category": "其他設施", "rank": "市定", "district": "大安區", "address": "大安區新生南路3段16巷1號", "new_address": "臺北市大安區新生南路3段16巷1號" }, "geometry": { "type": "Point", "coordinates": [ 121.534075, 25.024603 ] } },
{ "type": "Feature", "properties": { "name": "孫運璿濟南路寓所", "affection": "歷史建築", "category": "宅第", "rank": null, "district": "中正區", "address": "中正區濟南路2段20號", "new_address": "臺北市中正區濟南路2段20號" }, "geometry": { "type": "Point", "coordinates": [ 121.526363, 25.041384 ] } },
{ "type": "Feature", "properties": { "name": "國立臺灣大學日式宿舍─羅銅壁寓所", "affection": "古蹟", "category": "宅第", "rank": "市定", "district": "大安區", "address": "大安區青田街12巷5號", "new_address": "臺北市大安區青田街12巷5號" }, "geometry": { "type": "Point", "coordinates": [ 121.531687, 25.027019 ] } },
{ "type": "Feature", "properties": { "name": "張協成石廠", "affection": "歷史建築", "category": "宅第", "rank": null, "district": "大同區", "address": "大同區迪化街1段282號", "new_address": "臺北市大同區迪化街1段282號" }, "geometry": { "type": "Point", "coordinates": [ 121.509636, 25.063566 ] } },
{ "type": "Feature", "properties": { "name": "衡陽路15號店屋", "affection": "古蹟", "category": "其他設施", "rank": "市定", "district": "中正區", "address": "中正區衡陽路15號", "new_address": "臺北市中正區衡陽路15號" }, "geometry": { "type": "Point", "coordinates": [ 121.513491, 25.042408 ] } },
{ "type": "Feature", "properties": { "name": "齊東街53巷13號日式宿舍", "affection": "歷史建築", "category": "宅第", "rank": null, "district": "中正區", "address": "中正區齊東街53巷13號", "new_address": "臺北市中正區齊東街53巷13號" }, "geometry": { "type": "Point", "coordinates": [ 121.529029, 25.041533 ] } },
{ "type": "Feature", "properties": { "name": "大稻埕葉晋發商號", "affection": "歷史建築", "category": "宅第", "rank": null, "district": "大同區", "address": "大同區迪化街1段296號", "new_address": "臺北市大同區迪化街1段296號" }, "geometry": { "type": "Point", "coordinates": [ 121.509636, 25.063566 ] } },
{ "type": "Feature", "properties": { "name": "福德爺長慶廟", "affection": "歷史建築", "category": "寺廟", "rank": null, "district": "中正區", "address": "中正區晉江街34號", "new_address": "臺北市中正區晉江街34號" }, "geometry": { "type": "Point", "coordinates": [ 121.521841, 25.025103 ] } },
{ "type": "Feature", "properties": { "name": "延平北路二段117號店屋", "affection": "歷史建築", "category": "宅第", "rank": null, "district": "大同區", "address": "大同區延平北路2段117號", "new_address": "臺北市大同區延平北路2段117號" }, "geometry": { "type": "Point", "coordinates": [ 121.511684, 25.055428 ] } },
{ "type": "Feature", "properties": { "name": "重慶北路三段283巷1號（大龍峒四十四坎店屋二落）", "affection": "歷史建築", "category": "宅第", "rank": null, "district": "大同區", "address": "大同區重慶北路三段283巷1號", "new_address": "臺北市大同區重慶北路三段283巷1號" }, "geometry": { "type": "Point", "coordinates": [ 121.513976, 25.077236 ] } },
{ "type": "Feature", "properties": { "name": "士林潘宅", "affection": "古蹟", "category": "宅第", "rank": "市定", "district": "士林區", "address": "士林區義信里大南路101號古宅後廳部分", "new_address": "臺北市士林區義信里大南路101號古宅後廳部分" }, "geometry": { "type": "Point", "coordinates": [ 121.524023, 25.089551 ] } },
{ "type": "Feature", "properties": { "name": "迪化街1段85號店屋", "affection": "歷史建築", "category": "宅第", "rank": null, "district": "大同區", "address": "大同區迪化街1段85號", "new_address": "臺北市大同區迪化街1段85號" }, "geometry": { "type": "Point", "coordinates": [ 121.509636, 25.063566 ] } },
{ "type": "Feature", "properties": { "name": "南京西路257號店屋", "affection": "歷史建築", "category": "宅第", "rank": null, "district": "大同區", "address": "大同區南京西路257號", "new_address": "臺北市大同區南京西路257號" }, "geometry": { "type": "Point", "coordinates": [ 121.509844, 25.053378 ] } },
{ "type": "Feature", "properties": { "name": "迪化街一段308號店屋（明善堂）", "affection": "歷史建築", "category": "宅第", "rank": null, "district": "大同區", "address": "大同區迪化街1段308號", "new_address": "臺北市大同區迪化街1段308號" }, "geometry": { "type": "Point", "coordinates": [ 121.509636, 25.063566 ] } },
{ "type": "Feature", "properties": { "name": "內湖清代採石場", "affection": "古蹟", "category": "其他設施", "rank": "市定", "district": "內湖區", "address": "內湖區環山路一段136巷底", "new_address": "臺北市內湖區環山路一段136巷底" }, "geometry": { "type": "Point", "coordinates": [ 121.568395, 25.087805 ] } },
{ "type": "Feature", "properties": { "name": "雙園國小健康樓", "affection": "歷史建築", "category": "學校", "rank": null, "district": "萬華區", "address": "萬華區莒光路315號", "new_address": "臺北市萬華區莒光路315號" }, "geometry": { "type": "Point", "coordinates": [ 121.49817, 25.030956 ] } },
{ "type": "Feature", "properties": { "name": "牯嶺街高等官舍群", "affection": "古蹟", "category": "宅第", "rank": "市定", "district": "中正區", "address": "中正區牯嶺街60巷2號", "new_address": "臺北市中正區牯嶺街60巷2號" }, "geometry": { "type": "Point", "coordinates": [ 121.517762, 25.027637 ] } },
{ "type": "Feature", "properties": { "name": "龍口町「塵芥燒却場」", "affection": "歷史建築", "category": "產業", "rank": null, "district": "中正區", "address": "中正區和平西路二段104巷內", "new_address": "臺北市中正區和平西路二段104巷內" }, "geometry": { "type": "Point", "coordinates": [ 121.50819, 25.030943 ] } },
{ "type": "Feature", "properties": { "name": "鐵道部部長宿舍", "affection": "古蹟", "category": "宅第", "rank": "市定", "district": "大同區", "address": "大同區西寧北路1巷6號", "new_address": "臺北市大同區西寧北路1巷6號" }, "geometry": { "type": "Point", "coordinates": [ 121.508464, 25.04911 ] } },
{ "type": "Feature", "properties": { "name": "迪化街一段329號店屋", "affection": "歷史建築", "category": "宅第", "rank": null, "district": "大同區", "address": "大同區迪化街一段329號", "new_address": "臺北市大同區迪化街一段329號" }, "geometry": { "type": "Point", "coordinates": [ 121.509316, 25.062524 ] } },
{ "type": "Feature", "properties": { "name": "原大磯內科醫院", "affection": "古蹟", "category": "宅第", "rank": "市定", "district": "中正區", "address": "中正區寧波西街60號號", "new_address": "臺北市中正區寧波西街60號號" }, "geometry": { "type": "Point", "coordinates": [ 121.517318, 25.030446 ] } },
{ "type": "Feature", "properties": { "name": "空軍總司令部(原臺灣總督府工業研究所)", "affection": "古蹟", "category": "衙署", "rank": "國定", "district": "大安區", "address": "大安區仁愛路3段55號", "new_address": "臺北市大安區仁愛路3段55號" }, "geometry": { "type": "Point", "coordinates": [ 121.544682, 25.038704 ] } },
{ "type": "Feature", "properties": { "name": "臺靜農故居", "affection": "紀念建築", "category": "宅第", "rank": null, "district": "大安區", "address": "大安區溫州街25號", "new_address": "臺北市大安區溫州街25號" }, "geometry": { "type": "Point", "coordinates": [ 121.533579, 25.024675 ] } },
{ "type": "Feature", "properties": { "name": "農業試驗所宿舍群", "affection": "歷史建築", "category": "宅第", "rank": null, "district": "大安區", "address": "大安區羅斯福路四段119巷70號", "new_address": "臺北市大安區羅斯福路四段119巷70號" }, "geometry": { "type": "Point", "coordinates": [ 121.53952, 25.009848 ] } },
{ "type": "Feature", "properties": { "name": "迪化街一段123、125號（原怡和泰商行IWATAI）", "affection": "歷史建築", "category": "其他設施", "rank": null, "district": "大同區", "address": "大同區迪化街一段123號", "new_address": "臺北市大同區迪化街一段123號" }, "geometry": { "type": "Point", "coordinates": [ 121.509841, 25.057462 ] } },
{ "type": "Feature", "properties": { "name": "迪化街1段198號店屋", "affection": "歷史建築", "category": "宅第", "rank": null, "district": "大同區", "address": "大同區迪化街1段198號", "new_address": "臺北市大同區迪化街1段198號" }, "geometry": { "type": "Point", "coordinates": [ 121.509636, 25.063566 ] } },
{ "type": "Feature", "properties": { "name": "士林公有市場", "affection": "古蹟", "category": "其他設施", "rank": "市定", "district": "士林區", "address": "士林區大南路89號", "new_address": "臺北市士林區大南路89號" }, "geometry": { "type": "Point", "coordinates": [ 121.524031, 25.088386 ] } },
{ "type": "Feature", "properties": { "name": "大稻埕辜宅", "affection": "古蹟", "category": "宅第", "rank": "市定", "district": "大同區", "address": "大同區歸綏街303巷9號", "new_address": "臺北市大同區歸綏街303巷9號" }, "geometry": { "type": "Point", "coordinates": [ 121.509004, 25.059011 ] } },
{ "type": "Feature", "properties": { "name": "楊氏古厝及古井", "affection": "歷史建築", "category": "宅第", "rank": null, "district": "萬華區", "address": "萬華區長泰街179巷5弄5號", "new_address": "臺北市萬華區長泰街179巷5弄5號" }, "geometry": { "type": "Point", "coordinates": [ 121.496679, 25.021715 ] } },
{ "type": "Feature", "properties": { "name": "迪化街1段156號店屋", "affection": "歷史建築", "category": "宅第", "rank": null, "district": "大同區", "address": "大同區迪化街1段156號", "new_address": "臺北市大同區迪化街1段156號" }, "geometry": { "type": "Point", "coordinates": [ 121.509636, 25.063566 ] } },
{ "type": "Feature", "properties": { "name": "國立臺灣大學日式宿舍－福州街20、22、26號", "affection": "古蹟", "category": "宅第", "rank": "市定", "district": "中正區", "address": "中正區福州街20號", "new_address": "臺北市中正區福州街20號" }, "geometry": { "type": "Point", "coordinates": [ 121.517595, 25.028104 ] } },
{ "type": "Feature", "properties": { "name": "「革命實踐研究院院舍」秋瑾堂、育樂室、民眾會堂、保健所", "affection": "歷史建築", "category": "其他設施", "rank": null, "district": "文山區", "address": "文山區木柵路1段290號", "new_address": "臺北市文山區木柵路1段290號" }, "geometry": { "type": "Point", "coordinates": [ 121.573897, 24.998954 ] } },
{ "type": "Feature", "properties": { "name": "新生南路三段16巷3、3-1號日式宿舍", "affection": "歷史建築", "category": "宅第", "rank": null, "district": "大安區", "address": "大安區新生南路3段16巷3、3-1號 ", "new_address": "臺北市大安區新生南路3段16巷3、3-1號 " }, "geometry": { "type": "Point", "coordinates": [ 121.534075, 25.024603 ] } },
{ "type": "Feature", "properties": { "name": "社子島玄安宮", "affection": "歷史建築", "category": "寺廟", "rank": null, "district": "士林區", "address": "士林區延平北路7段90號", "new_address": "臺北市士林區延平北路7段90號" }, "geometry": { "type": "Point", "coordinates": [ 121.50917, 25.084986 ] } },
{ "type": "Feature", "properties": { "name": "臺電中心倉庫－P庫廠房", "affection": "歷史建築", "category": "其他設施", "rank": null, "district": "南港區", "address": "南港區市民大道7段100號", "new_address": "臺北市南港區市民大道7段100號" }, "geometry": { "type": "Point", "coordinates": [ 121.581014, 25.049641 ] } },
{ "type": "Feature", "properties": { "name": "臺大法學院", "affection": "古蹟", "category": "學校", "rank": "市定", "district": "中正區", "address": "中正區徐州路21號", "new_address": "臺北市中正區徐州路21號" }, "geometry": { "type": "Point", "coordinates": [ 121.525002, 25.040471 ] } },
{ "type": "Feature", "properties": { "name": "臺北公會堂", "affection": "古蹟", "category": "其他設施", "rank": "國定", "district": "中正區", "address": "中正區延平南路98號", "new_address": "臺北市中正區延平南路98號" }, "geometry": { "type": "Point", "coordinates": [ 121.510125, 25.043109 ] } },
{ "type": "Feature", "properties": { "name": "草山御賓館", "affection": "古蹟", "category": "宅第", "rank": "市定", "district": "士林區", "address": "士林區新園街1號", "new_address": "臺北市士林區新園街1號" }, "geometry": { "type": "Point", "coordinates": [ 121.551568, 25.151121 ] } },
{ "type": "Feature", "properties": { "name": "北投文物館", "affection": "古蹟", "category": "其他設施", "rank": "市定", "district": "北投區", "address": "北投區幽雅路32號", "new_address": "臺北市北投區幽雅路32號" }, "geometry": { "type": "Point", "coordinates": [ 121.516714, 25.138448 ] } },
{ "type": "Feature", "properties": { "name": "臺北市福景宮", "affection": "歷史建築", "category": "寺廟", "rank": null, "district": "大安區", "address": "大安區光復南路698號", "new_address": "臺北市大安區光復南路698號" }, "geometry": { "type": "Point", "coordinates": [ 121.557231, 25.029687 ] } },
{ "type": "Feature", "properties": { "name": "復興武德精神堡壘", "affection": "歷史建築", "category": "碑碣", "rank": null, "district": "北投區", "address": "北投區中央北路二段70號", "new_address": "臺北市北投區中央北路二段70號" }, "geometry": { "type": "Point", "coordinates": [ 121.492876, 25.138105 ] } },
{ "type": "Feature", "properties": { "name": "國立臺灣師範大學附屬高級中學「舊北樓」", "affection": "歷史建築", "category": "學校", "rank": null, "district": "大安區", "address": "大安區信義路3段143號", "new_address": "臺北市大安區信義路3段143號" }, "geometry": { "type": "Point", "coordinates": [ 121.541645, 25.032878 ] } },
{ "type": "Feature", "properties": { "name": "衡陽路13號店屋", "affection": "古蹟", "category": "其他設施", "rank": "市定", "district": "中正區", "address": "中正區衡陽路13號", "new_address": "臺北市中正區衡陽路13號" }, "geometry": { "type": "Point", "coordinates": [ 121.513607, 25.042415 ] } },
{ "type": "Feature", "properties": { "name": "迪化街1段186號店屋", "affection": "歷史建築", "category": "宅第", "rank": null, "district": "大同區", "address": "大同區迪化街1段186號", "new_address": "臺北市大同區迪化街1段186號" }, "geometry": { "type": "Point", "coordinates": [ 121.509636, 25.063566 ] } },
{ "type": "Feature", "properties": { "name": "原臺灣總督府殖產局營林所臺北出張所", "affection": "歷史建築", "category": "機關", "rank": null, "district": "大安區", "address": "大安區臺北市大安區潮州街55巷2號", "new_address": "臺北市大安區臺北市大安區潮州街55巷2號" }, "geometry": { "type": "Point", "coordinates": [ 121.524297, 25.029213 ] } },
{ "type": "Feature", "properties": { "name": "北投區一德街22號", "affection": "歷史建築", "category": "宅第", "rank": null, "district": "北投區", "address": "北投區一德街22號", "new_address": "臺北市北投區一德街22號" }, "geometry": { "type": "Point", "coordinates": [ 121.468446, 25.128904 ] } },
{ "type": "Feature", "properties": { "name": "金義合行", "affection": "古蹟", "category": "宅第", "rank": "市定", "district": "萬華區", "address": "萬華區康定路279號", "new_address": "臺北市萬華區康定路279號" }, "geometry": { "type": "Point", "coordinates": [ 121.501262, 25.035466 ] } },
{ "type": "Feature", "properties": { "name": "艋舺助順將軍廟（晉德宮）", "affection": "古蹟", "category": "寺廟", "rank": "市定", "district": "萬華區", "address": "萬華區康定路13號", "new_address": "臺北市萬華區康定路13號" }, "geometry": { "type": "Point", "coordinates": [ 121.501841, 25.043212 ] } },
{ "type": "Feature", "properties": { "name": "有記茶行", "affection": "歷史建築", "category": "產業", "rank": null, "district": "大同區", "address": "大同區重慶北路2段64巷26號", "new_address": "臺北市大同區重慶北路2段64巷26號" }, "geometry": { "type": "Point", "coordinates": [ 121.513297, 25.067186 ] } },
{ "type": "Feature", "properties": { "name": "長老教會北投教堂", "affection": "古蹟", "category": "教堂", "rank": "市定", "district": "北投區", "address": "北投區中央南路1段77號", "new_address": "臺北市北投區中央南路1段77號" }, "geometry": { "type": "Point", "coordinates": [ 121.49997, 25.124826 ] } },
{ "type": "Feature", "properties": { "name": "青田街9巷4號", "affection": "歷史建築", "category": "宅第", "rank": null, "district": "大安區", "address": "大安區青田街9巷4號", "new_address": "臺北市大安區青田街9巷4號" }, "geometry": { "type": "Point", "coordinates": [ 121.532507, 25.027553 ] } },
{ "type": "Feature", "properties": { "name": "美援宿舍群（松江路85巷4號）", "affection": "歷史建築", "category": "宅第", "rank": null, "district": "中山區", "address": "中山區松江路85巷4號", "new_address": "臺北市中山區松江路85巷4號" }, "geometry": { "type": "Point", "coordinates": [ 121.533468, 25.05009 ] } },
{ "type": "Feature", "properties": { "name": "松山陳宅", "affection": "古蹟", "category": "宅第", "rank": "市定", "district": "松山區", "address": "松山區松河街70號旁", "new_address": "臺北市松山區松河街70號旁" }, "geometry": { "type": "Point", "coordinates": [ 121.574167, 25.050774 ] } },
{ "type": "Feature", "properties": { "name": "國民革命軍陣亡政工人員紀念碑", "affection": "歷史建築", "category": "碑碣", "rank": null, "district": "北投區", "address": "北投區中央北路二段70號", "new_address": "臺北市北投區中央北路二段70號" }, "geometry": { "type": "Point", "coordinates": [ 121.492876, 25.138105 ] } },
{ "type": "Feature", "properties": { "name": "民樂街4、6、8號、永昌街1號暨民生西路362巷33號店屋", "affection": "歷史建築", "category": "宅第", "rank": null, "district": "大同區", "address": "大同區民樂街4號", "new_address": "臺北市大同區民樂街4號" }, "geometry": { "type": "Point", "coordinates": [ 121.510821, 25.055712 ] } },
{ "type": "Feature", "properties": { "name": "黃杰故居", "affection": "紀念建築", "category": "官邸", "rank": null, "district": "大安區", "address": "大安區復興南路1段297號", "new_address": "臺北市大安區復興南路1段297號" }, "geometry": { "type": "Point", "coordinates": [ 121.544277, 25.03012 ] } },
{ "type": "Feature", "properties": { "name": "迪化街一段248號", "affection": "歷史建築", "category": "宅第", "rank": null, "district": "大同區", "address": "大同區迪化街1段248號", "new_address": "臺北市大同區迪化街1段248號" }, "geometry": { "type": "Point", "coordinates": [ 121.509636, 25.063566 ] } },
{ "type": "Feature", "properties": { "name": "草山派出所", "affection": "歷史建築", "category": "衙署", "rank": null, "district": "士林區", "address": "士林區陽明路1段66號", "new_address": "臺北市士林區陽明路1段66號" }, "geometry": { "type": "Point", "coordinates": [ 121.538846, 25.135619 ] } },
{ "type": "Feature", "properties": { "name": "中山基督長老教會", "affection": "古蹟", "category": "教堂,其他設施", "rank": "市定", "district": "中山區", "address": "中山區林森北路62號", "new_address": "臺北市中山區林森北路62號" }, "geometry": { "type": "Point", "coordinates": [ 121.527122, 25.049248 ] } },
{ "type": "Feature", "properties": { "name": "國立臺灣大學日式宿舍－潮州街9號", "affection": "古蹟", "category": "宅第", "rank": "市定", "district": "中正區", "address": "中正區臺北市中正區潮州街9號", "new_address": "臺北市中正區臺北市中正區潮州街9號" }, "geometry": { "type": "Point", "coordinates": [ 121.520774, 25.030725 ] } },
{ "type": "Feature", "properties": { "name": "民樂街14號店屋", "affection": "歷史建築", "category": "宅第", "rank": null, "district": "大同區", "address": "大同區民樂街14號", "new_address": "臺北市大同區民樂街14號" }, "geometry": { "type": "Point", "coordinates": [ 121.510813, 25.055907 ] } },
{ "type": "Feature", "properties": { "name": "黑美人大酒家", "affection": "歷史建築", "category": "其他設施", "rank": null, "district": "大同區", "address": "大同區延平北路2段1號", "new_address": "臺北市大同區延平北路2段1號" }, "geometry": { "type": "Point", "coordinates": [ 121.511684, 25.055428 ] } },
{ "type": "Feature", "properties": { "name": "博愛路93號店屋（原近藤商會店鋪）", "affection": "歷史建築", "category": "其他設施", "rank": null, "district": "中正區", "address": "中正區博愛路93號", "new_address": "臺北市中正區博愛路93號" }, "geometry": { "type": "Point", "coordinates": [ 121.511608, 25.043156 ] } },
{ "type": "Feature", "properties": { "name": "臺灣省農業試驗所分所長宿舍", "affection": "歷史建築", "category": "宅第", "rank": null, "district": "士林區", "address": "士林區格致路70號", "new_address": "臺北市士林區格致路70號" }, "geometry": { "type": "Point", "coordinates": [ 121.546766, 25.138308 ] } },
{ "type": "Feature", "properties": { "name": "保安街84號順天外科醫院", "affection": "歷史建築", "category": "宅第", "rank": null, "district": "大同區", "address": "大同區保安街84號", "new_address": "臺北市大同區保安街84號" }, "geometry": { "type": "Point", "coordinates": [ 121.511694, 25.05895 ] } },
{ "type": "Feature", "properties": { "name": "圓山別莊", "affection": "古蹟", "category": "宅第", "rank": "市定", "district": "中山區", "address": "中山區中山北路3段181-1號", "new_address": "臺北市中山區中山北路3段181-1號" }, "geometry": { "type": "Point", "coordinates": [ 121.522036, 25.049298 ] } },
{ "type": "Feature", "properties": { "name": "立法院議場", "affection": "歷史建築", "category": "衙署", "rank": null, "district": "中正區", "address": "中正區中山南路1號", "new_address": "臺北市中正區中山南路1號" }, "geometry": { "type": "Point", "coordinates": [ 121.519583, 25.043966 ] } },
{ "type": "Feature", "properties": { "name": "衡陽路17號及重慶南路1段119號店屋", "affection": "古蹟", "category": "其他設施", "rank": "市定", "district": "中正區", "address": "中正區衡陽路17號", "new_address": "臺北市中正區衡陽路17號" }, "geometry": { "type": "Point", "coordinates": [ 121.513403, 25.04241 ] } },
{ "type": "Feature", "properties": { "name": "南京西路25巷2、2-2、2-3號", "affection": "歷史建築", "category": "宅第", "rank": null, "district": "大同區", "address": "大同區南京西路25巷2號", "new_address": "臺北市大同區南京西路25巷2號" }, "geometry": { "type": "Point", "coordinates": [ 121.520197, 25.053267 ] } },
{ "type": "Feature", "properties": { "name": "張羣故居", "affection": "古蹟", "category": "宅第", "rank": "市定", "district": "士林區", "address": "士林區中山北路五段378巷1號", "new_address": "臺北市士林區中山北路五段378巷1號" }, "geometry": { "type": "Point", "coordinates": [ 121.529873, 25.090934 ] } },
{ "type": "Feature", "properties": { "name": "中正區牯嶺街5巷4、6、8號日式宿舍", "affection": "歷史建築", "category": "宅第", "rank": null, "district": "中正區", "address": "中正區牯嶺街5巷4號", "new_address": "臺北市中正區牯嶺街5巷4號" }, "geometry": { "type": "Point", "coordinates": [ 121.515454, 25.031774 ] } },
{ "type": "Feature", "properties": { "name": "大稻埕慈聖宮", "affection": "古蹟", "category": "寺廟", "rank": "市定", "district": "大同區", "address": "大同區保安街49巷17號", "new_address": "臺北市大同區保安街49巷17號" }, "geometry": { "type": "Point", "coordinates": [ 121.511961, 25.060232 ] } },
{ "type": "Feature", "properties": { "name": "建國中學紅樓", "affection": "古蹟", "category": "其他設施", "rank": "市定", "district": "中正區", "address": "中正區南海路56號", "new_address": "臺北市中正區南海路56號" }, "geometry": { "type": "Point", "coordinates": [ 121.512174, 25.031211 ] } },
{ "type": "Feature", "properties": { "name": "台灣基督長老教會大稻埕教會", "affection": "古蹟", "category": "教堂", "rank": "市定", "district": "大同區", "address": "大同區甘州街40 號", "new_address": "臺北市大同區甘州街40 號" }, "geometry": { "type": "Point", "coordinates": [ 121.512715, 25.059639 ] } },
{ "type": "Feature", "properties": { "name": "南京西路261號店屋", "affection": "歷史建築", "category": "宅第", "rank": null, "district": "大同區", "address": "大同區南京西路261號", "new_address": "臺北市大同區南京西路261號" }, "geometry": { "type": "Point", "coordinates": [ 121.509707, 25.053386 ] } },
{ "type": "Feature", "properties": { "name": "迪化街1段176號店屋", "affection": "歷史建築", "category": "宅第", "rank": null, "district": "大同區", "address": "大同區迪化街1段176號", "new_address": "臺北市大同區迪化街1段176號" }, "geometry": { "type": "Point", "coordinates": [ 121.509636, 25.063566 ] } },
{ "type": "Feature", "properties": { "name": "明星咖啡館", "affection": "歷史建築", "category": "宅第", "rank": null, "district": "中正區", "address": "中正區武昌街1段5號", "new_address": "臺北市中正區武昌街1段5號" }, "geometry": { "type": "Point", "coordinates": [ 121.513694, 25.044102 ] } },
{ "type": "Feature", "properties": { "name": "孫運璿重慶南路寓所", "affection": "古蹟", "category": "宅第", "rank": "市定", "district": "中正區", "address": "中正區重慶南路2段6巷10號", "new_address": "臺北市中正區重慶南路2段6巷10號" }, "geometry": { "type": "Point", "coordinates": [ 121.515083, 25.029618 ] } },
{ "type": "Feature", "properties": { "name": "芝山岩考古遺址", "affection": "直轄市定考古遺址", "category": null, "rank": "士林區", "district": "士林區", "address": "士林區芝山岩小山", "new_address": "臺北市士林區芝山岩小山" }, "geometry": { "type": "Point", "coordinates": [ 121.5359, 25.110037 ] } },
{ "type": "Feature", "properties": { "name": "中山國民小學（原宮前公學校）", "affection": "歷史建築", "category": "學校", "rank": null, "district": "中山區", "address": "中山區民權東路一段69號", "new_address": "臺北市中山區民權東路一段69號" }, "geometry": { "type": "Point", "coordinates": [ 121.526312, 25.062914 ] } },
{ "type": "Feature", "properties": { "name": "溫州街22巷6、8號", "affection": "歷史建築", "category": "宅第", "rank": null, "district": "大安區", "address": "大安區溫州街22巷6號", "new_address": "臺北市大安區溫州街22巷6號" }, "geometry": { "type": "Point", "coordinates": [ 121.532177, 25.023731 ] } },
{ "type": "Feature", "properties": { "name": "延平北路2段199號店屋", "affection": "歷史建築", "category": "宅第", "rank": null, "district": "大同區", "address": "大同區延平北路2段199號", "new_address": "臺北市大同區延平北路2段199號" }, "geometry": { "type": "Point", "coordinates": [ 121.511684, 25.055428 ] } },
{ "type": "Feature", "properties": { "name": "國立臺灣大學日式宿舍－戴運軌寓所", "affection": "古蹟", "category": "宅第", "rank": "市定", "district": "中正區", "address": "中正區潮州街7號", "new_address": "臺北市中正區潮州街7號" }, "geometry": { "type": "Point", "coordinates": [ 121.520774, 25.030725 ] } },
{ "type": "Feature", "properties": { "name": "青田街9巷8號", "affection": "歷史建築", "category": "宅第", "rank": null, "district": "大安區", "address": "大安區青田街9巷8號", "new_address": "臺北市大安區青田街9巷8號" }, "geometry": { "type": "Point", "coordinates": [ 121.532844, 25.027558 ] } },
{ "type": "Feature", "properties": { "name": "新舞臺", "affection": "文化景觀", "category": "其他場域", "rank": null, "district": "信義區", "address": "信義區松壽路3-1號", "new_address": "臺北市信義區松壽路3-1號" }, "geometry": { "type": "Point", "coordinates": [ 121.566022, 25.03586 ] } },
{ "type": "Feature", "properties": { "name": "福生堂醫院", "affection": "古蹟", "category": "醫院", "rank": "市定", "district": "大同區", "address": "大同區延平北路2段144巷23號", "new_address": "臺北市大同區延平北路2段144巷23號" }, "geometry": { "type": "Point", "coordinates": [ 121.511684, 25.055428 ] } },
{ "type": "Feature", "properties": { "name": "原熱帶醫學研究所士林支所本館", "affection": "古蹟", "category": "機關", "rank": "市定", "district": "士林區", "address": "士林區中山北路5段300號", "new_address": "臺北市士林區中山北路5段300號" }, "geometry": { "type": "Point", "coordinates": [ 121.526061, 25.083234 ] } },
{ "type": "Feature", "properties": { "name": "臺灣基督長老教會文山教會", "affection": "歷史建築", "category": "教堂", "rank": null, "district": "文山區", "address": "文山區開元街25號", "new_address": "臺北市文山區開元街25號" }, "geometry": { "type": "Point", "coordinates": [ 121.569753, 24.989103 ] } },
{ "type": "Feature", "properties": { "name": "華亭街31號店屋", "affection": "歷史建築", "category": "宅第", "rank": null, "district": "大同區", "address": "大同區華亭街31號", "new_address": "臺北市大同區華亭街31號" }, "geometry": { "type": "Point", "coordinates": [ 121.513277, 25.052648 ] } },
{ "type": "Feature", "properties": { "name": "濟南路3段50號（省長臺北官邸）", "affection": "歷史建築", "category": "宅第", "rank": null, "district": "大安區", "address": "大安區濟南路三段50號", "new_address": "臺北市大安區濟南路三段50號" }, "geometry": { "type": "Point", "coordinates": [ 121.536043, 25.040104 ] } },
{ "type": "Feature", "properties": { "name": "北投梅庭", "affection": "歷史建築", "category": "宅第", "rank": null, "district": "北投區", "address": "北投區中山路6號", "new_address": "臺北市北投區中山路6號" }, "geometry": { "type": "Point", "coordinates": [ 121.51048, 25.136976 ] } },
{ "type": "Feature", "properties": { "name": "艋舺謝宅", "affection": "古蹟", "category": "宅第", "rank": "市定", "district": "萬華區", "address": "萬華區西昌街88號", "new_address": "臺北市萬華區西昌街88號" }, "geometry": { "type": "Point", "coordinates": [ 121.500619, 25.04087 ] } },
{ "type": "Feature", "properties": { "name": "蒲添生故居", "affection": "歷史建築", "category": "宅第", "rank": null, "district": "中正區", "address": "中正區林森北路9巷16號", "new_address": "臺北市中正區林森北路9巷16號" }, "geometry": { "type": "Point", "coordinates": [ 121.524629, 25.045497 ] } },
{ "type": "Feature", "properties": { "name": "番學堂遺構", "affection": "古蹟", "category": "書院", "rank": "市定", "district": "中正區", "address": "中正區城中段三小段17地號", "new_address": "臺北市中正區城中段三小段17地號" }, "geometry": { "type": "Point", "coordinates": [ 121.5191, 25.031515 ] } },
{ "type": "Feature", "properties": { "name": "台北霞海城隍廟", "affection": "古蹟", "category": "寺廟", "rank": "市定", "district": "大同區", "address": "大同區迪化街一段61號", "new_address": "臺北市大同區迪化街一段61號" }, "geometry": { "type": "Point", "coordinates": [ 121.51014, 25.055619 ] } },
{ "type": "Feature", "properties": { "name": "臺灣師範大學原高等學校校舍（講堂、行政大樓、文薈廳、普字樓）", "affection": "古蹟", "category": "其他設施", "rank": "市定", "district": "大安區", "address": "大安區和平東路1段162號", "new_address": "臺北市大安區和平東路1段162號" }, "geometry": { "type": "Point", "coordinates": [ 121.556211, 25.020001 ] } },
{ "type": "Feature", "properties": { "name": "中山樓周邊園區文化景觀", "affection": "文化景觀", "category": "其他場域", "rank": null, "district": "北投區", "address": "北投區陽明路2段15號", "new_address": "臺北市北投區陽明路2段15號" }, "geometry": { "type": "Point", "coordinates": [ 121.511423, 25.123499 ] } },
{ "type": "Feature", "properties": { "name": "大龍國小", "affection": "歷史建築", "category": "其他設施", "rank": null, "district": "大同區", "address": "大同區哈密街47號", "new_address": "臺北市大同區哈密街47號" }, "geometry": { "type": "Point", "coordinates": [ 121.516718, 25.073405 ] } },
{ "type": "Feature", "properties": { "name": "陽明山中山樓", "affection": "古蹟", "category": "其他設施", "rank": "市定", "district": "北投區", "address": "北投區湖山里陽明路2段15號", "new_address": "臺北市北投區湖山里陽明路2段15號" }, "geometry": { "type": "Point", "coordinates": [ 121.547115, 25.152092 ] } },
{ "type": "Feature", "properties": { "name": "仁濟療養院", "affection": "歷史建築", "category": "其他設施", "rank": null, "district": "萬華區", "address": "萬華區西園路2段42號", "new_address": "臺北市萬華區西園路2段42號" }, "geometry": { "type": "Point", "coordinates": [ 121.496511, 25.03168 ] } },
{ "type": "Feature", "properties": { "name": "國立臺灣藝術教育館", "affection": "歷史建築", "category": "其他設施", "rank": null, "district": "中正區", "address": "中正區南海路47號", "new_address": "臺北市中正區南海路47號" }, "geometry": { "type": "Point", "coordinates": [ 121.511569, 25.032723 ] } },
{ "type": "Feature", "properties": { "name": "南京西路255號店屋", "affection": "歷史建築", "category": "宅第", "rank": null, "district": "大同區", "address": "大同區南京西路255號", "new_address": "臺北市大同區南京西路255號" }, "geometry": { "type": "Point", "coordinates": [ 121.50993, 25.053371 ] } },
{ "type": "Feature", "properties": { "name": "新芳春茶行", "affection": "古蹟", "category": "產業,宅第", "rank": "市定", "district": "大同區", "address": "大同區民生西路309號", "new_address": "臺北市大同區民生西路309號" }, "geometry": { "type": "Point", "coordinates": [ 121.512599, 25.05707 ] } },
{ "type": "Feature", "properties": { "name": "鄭州路26巷7號", "affection": "歷史建築", "category": "機關,集會堂", "rank": null, "district": "大同區", "address": "大同區鄭州路26巷7號", "new_address": "臺北市大同區鄭州路26巷7號" }, "geometry": { "type": "Point", "coordinates": [ 121.509588, 25.04981 ] } },
{ "type": "Feature", "properties": { "name": "齊東街53巷8號日式宿舍", "affection": "歷史建築", "category": "宅第", "rank": null, "district": "中正區", "address": "中正區齊東街53巷8號", "new_address": "臺北市中正區齊東街53巷8號" }, "geometry": { "type": "Point", "coordinates": [ 121.528329, 25.04153 ] } },
{ "type": "Feature", "properties": { "name": "朝北醫院", "affection": "古蹟", "category": "宅第", "rank": "市定", "district": "萬華區", "address": "萬華區貴陽街二段181號", "new_address": "臺北市萬華區貴陽街二段181號" }, "geometry": { "type": "Point", "coordinates": [ 121.499996, 25.040229 ] } },
{ "type": "Feature", "properties": { "name": "原臺北帝國大學農學部生物學教室", "affection": "古蹟", "category": "學校", "rank": "市定", "district": "大安區", "address": "大安區羅斯福路四段1號", "new_address": "臺北市大安區羅斯福路四段1號" }, "geometry": { "type": "Point", "coordinates": [ 121.53967, 25.009684 ] } },
{ "type": "Feature", "properties": { "name": "汀州路台鐵舊宿舍", "affection": "歷史建築", "category": "宅第", "rank": null, "district": "中正區", "address": "中正區羅斯福路三段316巷9弄1號", "new_address": "臺北市中正區羅斯福路三段316巷9弄1號" }, "geometry": { "type": "Point", "coordinates": [ 121.53179, 25.015623 ] } },
{ "type": "Feature", "properties": { "name": "原警察局中正二分局(牯嶺街小劇場)", "affection": "歷史建築", "category": "衙署", "rank": null, "district": "中正區", "address": "中正區牯嶺街5巷2號", "new_address": "臺北市中正區牯嶺街5巷2號" }, "geometry": { "type": "Point", "coordinates": [ 121.515378, 25.031756 ] } },
{ "type": "Feature", "properties": { "name": "迪化街一段90號店屋", "affection": "歷史建築", "category": "宅第", "rank": null, "district": "大同區", "address": "大同區迪化街一段90號", "new_address": "臺北市大同區迪化街一段90號" }, "geometry": { "type": "Point", "coordinates": [ 121.509874, 25.056042 ] } },
{ "type": "Feature", "properties": { "name": "社子島溪洲底郭宅", "affection": "歷史建築", "category": "宅第", "rank": null, "district": "士林區", "address": "士林區延平北路7段106巷34號", "new_address": "臺北市士林區延平北路7段106巷34號" }, "geometry": { "type": "Point", "coordinates": [ 121.507551, 25.089818 ] } },
{ "type": "Feature", "properties": { "name": "齊東街53巷2號日式宿舍", "affection": "歷史建築", "category": "宅第", "rank": null, "district": "中正區", "address": "中正區齊東街53巷2號", "new_address": "臺北市中正區齊東街53巷2號" }, "geometry": { "type": "Point", "coordinates": [ 121.52794, 25.041624 ] } },
{ "type": "Feature", "properties": { "name": "機器局第五號倉庫", "affection": "古蹟", "category": "產業", "rank": "市定", "district": "大同區", "address": "大同區鄭州路38巷9號", "new_address": "臺北市大同區鄭州路38巷9號" }, "geometry": { "type": "Point", "coordinates": [ 121.508989, 25.049591 ] } },
{ "type": "Feature", "properties": { "name": "十字軒糕餅舖", "affection": "歷史建築", "category": "產業,宅第", "rank": null, "district": "大同區", "address": "大同區延平北路2段68號", "new_address": "臺北市大同區延平北路2段68號" }, "geometry": { "type": "Point", "coordinates": [ 121.511684, 25.055428 ] } },
{ "type": "Feature", "properties": { "name": "永樂國小（原永樂公學校）校舍", "affection": "歷史建築", "category": "學校", "rank": null, "district": "大同區", "address": "大同區延平北路2段266號", "new_address": "臺北市大同區延平北路2段266號" }, "geometry": { "type": "Point", "coordinates": [ 121.511684, 25.055428 ] } },
{ "type": "Feature", "properties": { "name": "金龍禪寺吳濁流紀念碑群", "affection": "紀念建築", "category": "碑碣", "rank": null, "district": "內湖區", "address": "內湖區內湖路3段256巷2號", "new_address": "臺北市內湖區內湖路3段256巷2號" }, "geometry": { "type": "Point", "coordinates": [ 121.591199, 25.087771 ] } },
{ "type": "Feature", "properties": { "name": "臺北第一高女", "affection": "古蹟", "category": "學校", "rank": "市定", "district": "中正區", "address": "中正區重慶南路1段165號", "new_address": "臺北市中正區重慶南路1段165號" }, "geometry": { "type": "Point", "coordinates": [ 121.515512, 25.029592 ] } },
{ "type": "Feature", "properties": { "name": "萬華林宅", "affection": "古蹟", "category": "宅第", "rank": "市定", "district": "萬華區", "address": "萬華區西園路一段306巷24號", "new_address": "臺北市萬華區西園路一段306巷24號" }, "geometry": { "type": "Point", "coordinates": [ 121.498395, 25.033534 ] } },
{ "type": "Feature", "properties": { "name": "臺北水道水源地", "affection": "古蹟", "category": "其他設施", "rank": "市定", "district": "中正區", "address": "中正區思源街1 號", "new_address": "臺北市中正區思源街1 號" }, "geometry": { "type": "Point", "coordinates": [ 121.53059, 25.01359 ] } },
{ "type": "Feature", "properties": { "name": "梨洲樓", "affection": "歷史建築", "category": "其他設施", "rank": null, "district": "北投區", "address": "北投區陽明路2段15號", "new_address": "臺北市北投區陽明路2段15號" }, "geometry": { "type": "Point", "coordinates": [ 121.511423, 25.123499 ] } },
{ "type": "Feature", "properties": { "name": "原臺北信用組合", "affection": "古蹟", "category": "銀行", "rank": "市定", "district": "中正區", "address": "中正區衡陽路87號", "new_address": "臺北市中正區衡陽路87號" }, "geometry": { "type": "Point", "coordinates": [ 121.510606, 25.042317 ] } },
{ "type": "Feature", "properties": { "name": "虹廬", "affection": "歷史建築", "category": "宅第", "rank": null, "district": "大安區", "address": "大安區濟南路三段18號", "new_address": "臺北市大安區濟南路三段18號" }, "geometry": { "type": "Point", "coordinates": [ 121.534163, 25.040107 ] } },
{ "type": "Feature", "properties": { "name": "漢口街2段125號店屋", "affection": "歷史建築", "category": "宅第", "rank": null, "district": "萬華區", "address": "萬華區漢口街2段125號", "new_address": "臺北市萬華區漢口街2段125號" }, "geometry": { "type": "Point", "coordinates": [ 121.504673, 25.045741 ] } },
{ "type": "Feature", "properties": { "name": "國立臺灣大學日式宿舍－丁觀海、丁肇中寓所", "affection": "歷史建築", "category": "宅第", "rank": null, "district": "大安區", "address": "大安區泰順街33巷4號", "new_address": "臺北市大安區泰順街33巷4號" }, "geometry": { "type": "Point", "coordinates": [ 121.531694, 25.024015 ] } },
{ "type": "Feature", "properties": { "name": "南港闕家祖厝德成居", "affection": "歷史建築", "category": "宅第", "rank": null, "district": "南港區", "address": "南港區研究院路一段120號", "new_address": "臺北市南港區研究院路一段120號" }, "geometry": { "type": "Point", "coordinates": [ 121.615375, 25.050949 ] } },
{ "type": "Feature", "properties": { "name": "迪化街1段116號店屋", "affection": "歷史建築", "category": "其他設施", "rank": null, "district": "大同區", "address": "大同區迪化街一段116號", "new_address": "臺北市大同區迪化街一段116號" }, "geometry": { "type": "Point", "coordinates": [ 121.509607, 25.058528 ] } },
{ "type": "Feature", "properties": { "name": "華山貨運站", "affection": "歷史建築", "category": "車站", "rank": null, "district": "中正區", "address": "中正區林森北路27號", "new_address": "臺北市中正區林森北路27號" }, "geometry": { "type": "Point", "coordinates": [ 121.524247, 25.047126 ] } },
{ "type": "Feature", "properties": { "name": "蔡瑞月舞蹈研究社", "affection": "古蹟", "category": "宅第", "rank": "市定", "district": "中山區", "address": "中山區中山北路二段48巷8、10號", "new_address": "臺北市中山區中山北路二段48巷8、10號" }, "geometry": { "type": "Point", "coordinates": [ 121.521719, 25.055842 ] } },
{ "type": "Feature", "properties": { "name": "北投公園暨周邊景觀（含兒童樂園）", "affection": "文化景觀", "category": "歷史名園", "rank": null, "district": "北投區", "address": "北投區中山路、光明路範圍", "new_address": "臺北市北投區中山路、光明路範圍" }, "geometry": { "type": "Point", "coordinates": [ 121.502407, 25.134568 ] } },
{ "type": "Feature", "properties": { "name": "西寧南路14-3號店屋", "affection": "歷史建築", "category": "宅第", "rank": null, "district": "萬華區", "address": "萬華區西寧南路14-3號", "new_address": "臺北市萬華區西寧南路14-3號" }, "geometry": { "type": "Point", "coordinates": [ 121.506331, 25.038532 ] } },
{ "type": "Feature", "properties": { "name": "國立故宮博物院院區", "affection": "文化景觀", "category": "歷史名園", "rank": null, "district": "士林區", "address": "士林區至善路二段221號", "new_address": "臺北市士林區至善路二段221號" }, "geometry": { "type": "Point", "coordinates": [ 121.552724, 25.101955 ] } },
{ "type": "Feature", "properties": { "name": "迪化街1段155號", "affection": "歷史建築", "category": "宅第", "rank": null, "district": "大同區", "address": "大同區迪化街1段155號", "new_address": "臺北市大同區迪化街1段155號" }, "geometry": { "type": "Point", "coordinates": [ 121.509636, 25.063566 ] } },
{ "type": "Feature", "properties": { "name": "西寧北路65、67號店屋", "affection": "歷史建築", "category": "宅第", "rank": null, "district": "大同區", "address": "大同區西寧北路65號", "new_address": "臺北市大同區西寧北路65號" }, "geometry": { "type": "Point", "coordinates": [ 121.508959, 25.054726 ] } },
{ "type": "Feature", "properties": { "name": "錢穆故居", "affection": "紀念建築", "category": "宅第", "rank": null, "district": "士林區", "address": "士林區臨溪路72號", "new_address": "臺北市士林區臨溪路72號" }, "geometry": { "type": "Point", "coordinates": [ 121.547957, 25.094122 ] } },
{ "type": "Feature", "properties": { "name": "政治大學化南新村", "affection": "聚落建築群", "category": "近代宿舍", "rank": null, "district": "文山區", "address": "文山區政治大學化南新村", "new_address": "臺北市文山區政治大學化南新村" }, "geometry": { "type": "Point", "coordinates": [ 121.570915, 24.99066 ] } },
{ "type": "Feature", "properties": { "name": "迪化街一段96號店屋", "affection": "歷史建築", "category": "宅第", "rank": null, "district": "大同區", "address": "大同區迪化街1段96號", "new_address": "臺北市大同區迪化街1段96號" }, "geometry": { "type": "Point", "coordinates": [ 121.509636, 25.063566 ] } },
{ "type": "Feature", "properties": { "name": "國立臺灣大學日式宿舍─馬廷英故居", "affection": "古蹟", "category": "宅第", "rank": "市定", "district": "大安區", "address": "大安區青田街7巷6號", "new_address": "臺北市大安區青田街7巷6號" }, "geometry": { "type": "Point", "coordinates": [ 121.532566, 25.028013 ] } },
{ "type": "Feature", "properties": { "name": "士林紙廠", "affection": "歷史建築", "category": "產業", "rank": null, "district": "士林區", "address": "士林區福德路31號", "new_address": "臺北市士林區福德路31號" }, "geometry": { "type": "Point", "coordinates": [ 121.524319, 25.091718 ] } },
{ "type": "Feature", "properties": { "name": "閻錫山墓", "affection": "古蹟", "category": "墓葬", "rank": "市定", "district": "士林區", "address": "士林區臺北市士林區永公路245巷34弄", "new_address": "臺北市士林區臺北市士林區永公路245巷34弄" }, "geometry": { "type": "Point", "coordinates": [ 121.558798, 25.12314 ] } },
{ "type": "Feature", "properties": { "name": "延平北路二段56、58號店屋", "affection": "歷史建築", "category": "宅第", "rank": null, "district": "大同區", "address": "大同區延平北路2段56號", "new_address": "臺北市大同區延平北路2段56號" }, "geometry": { "type": "Point", "coordinates": [ 121.511684, 25.055428 ] } },
{ "type": "Feature", "properties": { "name": "農禪寺", "affection": "歷史建築", "category": "寺廟", "rank": null, "district": "北投區", "address": "北投區大業路65巷89號", "new_address": "臺北市北投區大業路65巷89號" }, "geometry": { "type": "Point", "coordinates": [ 121.495895, 25.122828 ] } },
{ "type": "Feature", "properties": { "name": "衡陽路56號店屋", "affection": "古蹟", "category": "商店", "rank": "市定", "district": "中正區", "address": "中正區衡陽路56號", "new_address": "臺北市中正區衡陽路56號" }, "geometry": { "type": "Point", "coordinates": [ 121.511989, 25.042182 ] } },
{ "type": "Feature", "properties": { "name": "北投臺灣銀行舊宿舍", "affection": "古蹟", "category": "宅第", "rank": "市定", "district": "北投區", "address": "北投區溫泉路103號", "new_address": "臺北市北投區溫泉路103號" }, "geometry": { "type": "Point", "coordinates": [ 121.511254, 25.136426 ] } },
{ "type": "Feature", "properties": { "name": "齊東街53巷6號日式宿舍", "affection": "歷史建築", "category": "宅第", "rank": null, "district": "中正區", "address": "中正區齊東街53巷6號", "new_address": "臺北市中正區齊東街53巷6號" }, "geometry": { "type": "Point", "coordinates": [ 121.528185, 25.041565 ] } },
{ "type": "Feature", "properties": { "name": "勸業銀行舊廈", "affection": "古蹟", "category": "其他設施", "rank": "市定", "district": "中正區", "address": "中正區襄陽路25號", "new_address": "臺北市中正區襄陽路25號" }, "geometry": { "type": "Point", "coordinates": [ 121.514331, 25.043539 ] } },
{ "type": "Feature", "properties": { "name": "閻錫山故居", "affection": "古蹟", "category": "宅第", "rank": "市定", "district": "士林區", "address": "士林區公館里永公路245巷34弄273號", "new_address": "臺北市士林區公館里永公路245巷34弄273號" }, "geometry": { "type": "Point", "coordinates": [ 121.558798, 25.12314 ] } },
{ "type": "Feature", "properties": { "name": "衡陽路33號店屋", "affection": "歷史建築", "category": "商店", "rank": null, "district": "中正區", "address": "中正區衡陽路33號", "new_address": "臺北市中正區衡陽路33號" }, "geometry": { "type": "Point", "coordinates": [ 121.512488, 25.042382 ] } },
{ "type": "Feature", "properties": { "name": "白榕蔭堂墓園(白崇禧將軍墓)", "affection": "古蹟", "category": "墓葬", "rank": "市定", "district": "信義區", "address": "信義區六張犁回教公墓", "new_address": "臺北市信義區六張犁回教公墓" }, "geometry": { "type": "Point", "coordinates": [ 121.56541, 25.032846 ] } },
{ "type": "Feature", "properties": { "name": "舊八甲庄郵便局", "affection": "歷史建築", "category": "辦公廳舍", "rank": null, "district": "萬華區", "address": "萬華區臺北市萬華區廣州街67號", "new_address": "臺北市萬華區臺北市萬華區廣州街67號" }, "geometry": { "type": "Point", "coordinates": [ 121.504572, 25.036584 ] } },
{ "type": "Feature", "properties": { "name": "東門國小忠孝樓、仁愛樓", "affection": "歷史建築", "category": "學校", "rank": null, "district": "中正區", "address": "中正區仁愛路1段2之4號", "new_address": "臺北市中正區仁愛路1段2之4號" }, "geometry": { "type": "Point", "coordinates": [ 121.525465, 25.038491 ] } },
{ "type": "Feature", "properties": { "name": "社子島下溪砂尾陳家祖厝", "affection": "歷史建築", "category": "宅第", "rank": null, "district": "士林區", "address": "士林區延平北路8段242巷46號", "new_address": "臺北市士林區延平北路8段242巷46號" }, "geometry": { "type": "Point", "coordinates": [ 121.506394, 25.089868 ] } },
{ "type": "Feature", "properties": { "name": "泰興漆行", "affection": "歷史建築", "category": "宅第", "rank": null, "district": "大同區", "address": "大同區迪化街1段227號", "new_address": "臺北市大同區迪化街1段227號" }, "geometry": { "type": "Point", "coordinates": [ 121.509636, 25.063566 ] } },
{ "type": "Feature", "properties": { "name": "林秀俊墓", "affection": "古蹟", "category": "墓葬", "rank": "市定", "district": "內湖區", "address": "內湖區台北市內湖區舊宗路二段101號旁", "new_address": "臺北市內湖區台北市內湖區舊宗路二段101號旁" }, "geometry": { "type": "Point", "coordinates": [ 121.575649, 25.07123 ] } },
{ "type": "Feature", "properties": { "name": "竹子湖蓬萊米原種田事務所暨種籾倉庫、竹子山莊", "affection": "歷史建築", "category": "其他設施", "rank": null, "district": "北投區", "address": "北投區竹子湖路15、15-1號", "new_address": "臺北市北投區竹子湖路15、15-1號" }, "geometry": { "type": "Point", "coordinates": [ 121.543668, 25.165115 ] } },
{ "type": "Feature", "properties": { "name": "原臺北北警察署", "affection": "古蹟", "category": "衙署", "rank": "市定", "district": "大同區", "address": "大同區寧夏路87號", "new_address": "臺北市大同區寧夏路87號" }, "geometry": { "type": "Point", "coordinates": [ 121.514904, 25.05943 ] } },
{ "type": "Feature", "properties": { "name": "忠孝西路二段13號", "affection": "歷史建築", "category": "宅第", "rank": null, "district": "大同區", "address": "大同區忠孝西路二段13號", "new_address": "臺北市大同區忠孝西路二段13號" }, "geometry": { "type": "Point", "coordinates": [ 121.509392, 25.048445 ] } },
{ "type": "Feature", "properties": { "name": "國立臺北科技大學一大川堂", "affection": "歷史建築", "category": "學校", "rank": null, "district": "大安區", "address": "大安區臺北市大安區忠孝東路三段1號", "new_address": "臺北市大安區臺北市大安區忠孝東路三段1號" }, "geometry": { "type": "Point", "coordinates": [ 121.541645, 25.042865 ] } },
{ "type": "Feature", "properties": { "name": "社子島頂溪砂尾陳宅", "affection": "歷史建築", "category": "宅第", "rank": null, "district": "士林區", "address": "士林區延平北路八段55巷13號", "new_address": "臺北市士林區延平北路八段55巷13號" }, "geometry": { "type": "Point", "coordinates": [ 121.484919, 25.104667 ] } },
{ "type": "Feature", "properties": { "name": "安西街1巷11號店屋", "affection": "歷史建築", "category": "其他設施", "rank": null, "district": "大同區", "address": "大同區安西街1巷11號", "new_address": "臺北市大同區安西街1巷11號" }, "geometry": { "type": "Point", "coordinates": [ 121.51047, 25.059208 ] } },
{ "type": "Feature", "properties": { "name": "金山南路1段30巷12號日式宿舍", "affection": "歷史建築", "category": "宅第", "rank": null, "district": "中正區", "address": "中正區金山南路1段30巷12號", "new_address": "臺北市中正區金山南路1段30巷12號" }, "geometry": { "type": "Point", "coordinates": [ 121.528438, 25.037142 ] } },
{ "type": "Feature", "properties": { "name": "建國啤酒廠", "affection": "古蹟", "category": "產業", "rank": "市定", "district": "中山區", "address": "中山區八德路二段85號", "new_address": "臺北市中山區八德路二段85號" }, "geometry": { "type": "Point", "coordinates": [ 121.535689, 25.045869 ] } },
{ "type": "Feature", "properties": { "name": "摩耶精舍（張大千園邸）", "affection": "古蹟", "category": "宅第", "rank": "市定", "district": "士林區", "address": "士林區至善路二段342巷2號", "new_address": "臺北市士林區至善路二段342巷2號" }, "geometry": { "type": "Point", "coordinates": [ 121.554948, 25.102692 ] } },
{ "type": "Feature", "properties": { "name": "臺北酒廠", "affection": "古蹟", "category": "產業,其他設施", "rank": "市定", "district": "中正區", "address": "中正區八德路一段1號", "new_address": "臺北市中正區八德路一段1號" }, "geometry": { "type": "Point", "coordinates": [ 121.529221, 25.044319 ] } },
{ "type": "Feature", "properties": { "name": "原臺北刑務所官舍", "affection": "歷史建築", "category": "宅第", "rank": null, "district": "大安區", "address": "大安區金華街135號", "new_address": "臺北市大安區金華街135號" }, "geometry": { "type": "Point", "coordinates": [ 121.524659, 25.030625 ] } },
{ "type": "Feature", "properties": { "name": "中山女子高級中學校門、大禮堂", "affection": "歷史建築", "category": "學校", "rank": null, "district": "中山區", "address": "中山區長安東路2段141號", "new_address": "臺北市中山區長安東路2段141號" }, "geometry": { "type": "Point", "coordinates": [ 121.530157, 25.048405 ] } },
{ "type": "Feature", "properties": { "name": "原馬場町區會講習堂與事務所", "affection": "歷史建築", "category": "集會堂", "rank": null, "district": "中正區", "address": "中正區寧波西街183號", "new_address": "臺北市中正區寧波西街183號" }, "geometry": { "type": "Point", "coordinates": [ 121.510651, 25.026515 ] } },
{ "type": "Feature", "properties": { "name": "迪化街一段132號店屋", "affection": "歷史建築", "category": "宅第", "rank": null, "district": "大同區", "address": "大同區迪化街一段132號", "new_address": "臺北市大同區迪化街一段132號" }, "geometry": { "type": "Point", "coordinates": [ 121.50972, 25.057288 ] } },
{ "type": "Feature", "properties": { "name": "清代機器局第一號工場遺構", "affection": "歷史建築", "category": "產業", "rank": null, "district": "大同區", "address": "大同區塔城街西側與鄭州街交叉口", "new_address": "臺北市大同區塔城街西側與鄭州街交叉口" }, "geometry": { "type": "Point", "coordinates": [ 121.510504, 25.050863 ] } },
{ "type": "Feature", "properties": { "name": "外交部辦公大樓", "affection": "歷史建築", "category": "機關", "rank": null, "district": "中正區", "address": "中正區臺北市中正區凱達格蘭大道2號", "new_address": "臺北市中正區臺北市中正區凱達格蘭大道2號" }, "geometry": { "type": "Point", "coordinates": [ 121.516339, 25.038953 ] } },
{ "type": "Feature", "properties": { "name": "迪化街1段121號店屋", "affection": "歷史建築", "category": "宅第", "rank": null, "district": "大同區", "address": "大同區迪化街1段121號", "new_address": "臺北市大同區迪化街1段121號" }, "geometry": { "type": "Point", "coordinates": [ 121.509636, 25.063566 ] } },
{ "type": "Feature", "properties": { "name": "新生南路一段160巷16號日式宿舍", "affection": "歷史建築", "category": "宅第", "rank": null, "district": "中正區", "address": "中正區新生南路1段160巷16號", "new_address": "臺北市中正區新生南路1段160巷16號" }, "geometry": { "type": "Point", "coordinates": [ 121.53158, 25.035318 ] } },
{ "type": "Feature", "properties": { "name": "蔡合源宅第", "affection": "歷史建築", "category": "宅第", "rank": null, "district": "大同區", "address": "大同區承德路1段72號", "new_address": "臺北市大同區承德路1段72號" }, "geometry": { "type": "Point", "coordinates": [ 121.518506, 25.063356 ] } },
{ "type": "Feature", "properties": { "name": "北投磺田福佑宮", "affection": "歷史建築", "category": "寺廟", "rank": null, "district": "北投區", "address": "北投區大業路667巷8號", "new_address": "臺北市北投區大業路667巷8號" }, "geometry": { "type": "Point", "coordinates": [ 121.496104, 25.134047 ] } },
{ "type": "Feature", "properties": { "name": "臺灣大學原帝大校舍(舊圖書館、行政大樓、文學院)", "affection": "古蹟", "category": "其他設施", "rank": "市定", "district": "大安區", "address": "大安區羅斯福路4段1號", "new_address": "臺北市大安區羅斯福路4段1號" }, "geometry": { "type": "Point", "coordinates": [ 121.530434, 25.018636 ] } },
{ "type": "Feature", "properties": { "name": "臺北市政府衛生局舊址", "affection": "古蹟", "category": "衙署", "rank": "市定", "district": "中山區", "address": "中山區長安西路15號", "new_address": "臺北市中山區長安西路15號" }, "geometry": { "type": "Point", "coordinates": [ 121.519837, 25.049449 ] } },
{ "type": "Feature", "properties": { "name": "衡陽路92號店屋", "affection": "古蹟", "category": "商店", "rank": "市定", "district": "中正區", "address": "中正區衡陽路92號", "new_address": "臺北市中正區衡陽路92號" }, "geometry": { "type": "Point", "coordinates": [ 121.51075, 25.042143 ] } },
{ "type": "Feature", "properties": { "name": "衡陽路4號店屋", "affection": "古蹟", "category": "其他設施", "rank": "市定", "district": "中正區", "address": "中正區衡陽路4號", "new_address": "臺北市中正區衡陽路4號" }, "geometry": { "type": "Point", "coordinates": [ 121.513868, 25.042235 ] } },
{ "type": "Feature", "properties": { "name": "迪化街1段13號店屋", "affection": "歷史建築", "category": "宅第", "rank": null, "district": "大同區", "address": "大同區迪化街1段13號", "new_address": "臺北市大同區迪化街1段13號" }, "geometry": { "type": "Point", "coordinates": [ 121.509636, 25.063566 ] } },
{ "type": "Feature", "properties": { "name": "博愛路132號店屋", "affection": "歷史建築", "category": "其他設施", "rank": null, "district": "中正區", "address": "中正區博愛路132號", "new_address": "臺北市中正區博愛路132號" }, "geometry": { "type": "Point", "coordinates": [ 121.511411, 25.042966 ] } },
{ "type": "Feature", "properties": { "name": "原臺灣軍司令部", "affection": "古蹟", "category": "衙署", "rank": "市定", "district": "中正區", "address": "中正區博愛路172號部本部大樓(紅樓)", "new_address": "臺北市中正區博愛路172號部本部大樓(紅樓)" }, "geometry": { "type": "Point", "coordinates": [ 121.54671, 25.051865 ] } },
{ "type": "Feature", "properties": { "name": "臺灣總督府交通局遞信部", "affection": "古蹟", "category": "其他設施", "rank": "市定", "district": "中正區", "address": "中正區長沙街1段2號", "new_address": "臺北市中正區長沙街1段2號" }, "geometry": { "type": "Point", "coordinates": [ 121.510751, 25.040141 ] } },
{ "type": "Feature", "properties": { "name": "新北投車站", "affection": "歷史建築", "category": "車站", "rank": null, "district": "北投區", "address": "北投區七星街1號", "new_address": "臺北市北投區七星街1號" }, "geometry": { "type": "Point", "coordinates": [ 121.503478, 25.136618 ] } },
{ "type": "Feature", "properties": { "name": "觀音禪堂", "affection": "古蹟", "category": "寺廟", "rank": "市定", "district": "中正區", "address": "中正區仁愛路一段21之33號", "new_address": "臺北市中正區仁愛路一段21之33號" }, "geometry": { "type": "Point", "coordinates": [ 121.522558, 25.039451 ] } },
{ "type": "Feature", "properties": { "name": "迪化街1段349號店屋", "affection": "歷史建築", "category": "宅第", "rank": null, "district": "大同區", "address": "大同區迪化街1段349號", "new_address": "臺北市大同區迪化街1段349號" }, "geometry": { "type": "Point", "coordinates": [ 121.509636, 25.063566 ] } },
{ "type": "Feature", "properties": { "name": "迪化街一段87號店屋", "affection": "歷史建築", "category": "其他設施", "rank": null, "district": "大同區", "address": "大同區迪化街一段87號", "new_address": "臺北市大同區迪化街一段87號" }, "geometry": { "type": "Point", "coordinates": [ 121.509948, 25.056413 ] } },
{ "type": "Feature", "properties": { "name": "松山菸廠", "affection": "古蹟", "category": "其他設施", "rank": "市定", "district": "信義區", "address": "信義區光復南路133號", "new_address": "臺北市信義區光復南路133號" }, "geometry": { "type": "Point", "coordinates": [ 121.559738, 25.043688 ] } },
{ "type": "Feature", "properties": { "name": "社子島燕樓李家", "affection": "歷史建築", "category": "宅第", "rank": null, "district": "士林區", "address": "士林區延平北路7段63巷12弄2號 ", "new_address": "臺北市士林區延平北路7段63巷12弄2號 " }, "geometry": { "type": "Point", "coordinates": [ 121.50917, 25.084986 ] } },
{ "type": "Feature", "properties": { "name": "菁山路72巷20弄6號（巫雲山莊）", "affection": "歷史建築", "category": "宅第", "rank": null, "district": "士林區", "address": "士林區菁山路72巷20弄6號", "new_address": "臺北市士林區菁山路72巷20弄6號" }, "geometry": { "type": "Point", "coordinates": [ 121.552018, 25.13924 ] } },
{ "type": "Feature", "properties": { "name": "臨濟護國禪寺", "affection": "古蹟", "category": "寺廟", "rank": "市定", "district": "中山區", "address": "中山區玉門街9號", "new_address": "臺北市中山區玉門街9號" }, "geometry": { "type": "Point", "coordinates": [ 121.520904, 25.072517 ] } },
{ "type": "Feature", "properties": { "name": "延平北路2段241號店屋", "affection": "歷史建築", "category": "宅第", "rank": null, "district": "大同區", "address": "大同區延平北路2段241號", "new_address": "臺北市大同區延平北路2段241號" }, "geometry": { "type": "Point", "coordinates": [ 121.511684, 25.055428 ] } },
{ "type": "Feature", "properties": { "name": "新生南路一段170巷19號日式宿舍", "affection": "歷史建築", "category": "宅第", "rank": null, "district": "中正區", "address": "中正區新生南路1段170巷19號", "new_address": "臺北市中正區新生南路1段170巷19號" }, "geometry": { "type": "Point", "coordinates": [ 121.53158, 25.035318 ] } },
{ "type": "Feature", "properties": { "name": "原枋隙教會", "affection": "歷史建築", "category": "教堂", "rank": null, "district": "大同區", "address": "大同區迪化街2段67號", "new_address": "臺北市大同區迪化街2段67號" }, "geometry": { "type": "Point", "coordinates": [ 121.509494, 25.064143 ] } },
{ "type": "Feature", "properties": { "name": "原臺灣瓦斯株式會社（煤氣遺構）", "affection": "歷史建築", "category": "產業", "rank": null, "district": "萬華區", "address": "萬華區康定路19號", "new_address": "臺北市萬華區康定路19號" }, "geometry": { "type": "Point", "coordinates": [ 121.5019, 25.034199 ] } },
{ "type": "Feature", "properties": { "name": "紀州庵", "affection": "古蹟", "category": "其他設施", "rank": "市定", "district": "中正區", "address": "中正區同安街115號及109巷4弄6號", "new_address": "臺北市中正區同安街115號及109巷4弄6號" }, "geometry": { "type": "Point", "coordinates": [ 121.520352, 25.021106 ] } },
{ "type": "Feature", "properties": { "name": "第一外科診所", "affection": "歷史建築", "category": "其他設施", "rank": null, "district": "中正區", "address": "中正區開封街1段32號", "new_address": "臺北市中正區開封街1段32號" }, "geometry": { "type": "Point", "coordinates": [ 121.511953, 25.046113 ] } },
{ "type": "Feature", "properties": { "name": "內湖郭氏古宅", "affection": "古蹟", "category": "宅第", "rank": "市定", "district": "內湖區", "address": "內湖區文德路267巷19號（整編後）", "new_address": "臺北市內湖區文德路267巷19號（整編後）" }, "geometry": { "type": "Point", "coordinates": [ 121.586818, 25.079617 ] } },
{ "type": "Feature", "properties": { "name": "廣州街200號(仁濟醫院)", "affection": "歷史建築", "category": "醫院", "rank": null, "district": "萬華區", "address": "萬華區廣州街200號", "new_address": "臺北市萬華區廣州街200號" }, "geometry": { "type": "Point", "coordinates": [ 121.497894, 25.036678 ] } },
{ "type": "Feature", "properties": { "name": "婦聯總會", "affection": "古蹟", "category": "其他設施", "rank": "市定", "district": "中正區", "address": "中正區長沙街1段27號", "new_address": "臺北市中正區長沙街1段27號" }, "geometry": { "type": "Point", "coordinates": [ 121.510751, 25.040141 ] } },
{ "type": "Feature", "properties": { "name": "臺鐵舊宿舍─濟南路3段15號", "affection": "歷史建築", "category": "宅第", "rank": null, "district": "大安區", "address": "大安區濟南路3段15號", "new_address": "臺北市大安區濟南路3段15號" }, "geometry": { "type": "Point", "coordinates": [ 121.533313, 25.040465 ] } },
{ "type": "Feature", "properties": { "name": "臺北撫臺街洋樓", "affection": "古蹟", "category": "其他設施", "rank": "市定", "district": "中正區", "address": "中正區延平南路26號", "new_address": "臺北市中正區延平南路26號" }, "geometry": { "type": "Point", "coordinates": [ 121.510842, 25.04672 ] } },
{ "type": "Feature", "properties": { "name": "慈雲寺", "affection": "古蹟", "category": "寺廟", "rank": "市定", "district": "萬華區", "address": "萬華區漢口街二段119、121、123號", "new_address": "臺北市萬華區漢口街二段119、121、123號" }, "geometry": { "type": "Point", "coordinates": [ 121.505958, 25.045863 ] } },
{ "type": "Feature", "properties": { "name": "國立臺灣大學日式宿舍－青田街7巷2號", "affection": "古蹟", "category": "宅第", "rank": "市定", "district": "大安區", "address": "大安區青田街7巷2號", "new_address": "臺北市大安區青田街7巷2號" }, "geometry": { "type": "Point", "coordinates": [ 121.532141, 25.028006 ] } },
{ "type": "Feature", "properties": { "name": "安西街9巷4、6、7號店屋", "affection": "歷史建築", "category": "宅第", "rank": null, "district": "大同區", "address": "大同區安西街9巷4號", "new_address": "臺北市大同區安西街9巷4號" }, "geometry": { "type": "Point", "coordinates": [ 121.510224, 25.059469 ] } },
{ "type": "Feature", "properties": { "name": "日新國民小學（原日新公學校）紅樓", "affection": "歷史建築", "category": "書院", "rank": null, "district": "大同區", "address": "大同區太原路151號", "new_address": "臺北市大同區太原路151號" }, "geometry": { "type": "Point", "coordinates": [ 121.516477, 25.054387 ] } },
{ "type": "Feature", "properties": { "name": "臺北孔子廟", "affection": "古蹟", "category": "寺廟", "rank": "市定", "district": "大同區", "address": "大同區大龍街275號", "new_address": "臺北市大同區大龍街275號" }, "geometry": { "type": "Point", "coordinates": [ 121.516084, 25.072549 ] } },
{ "type": "Feature", "properties": { "name": "社子島溪洲底王宅", "affection": "歷史建築", "category": "宅第", "rank": null, "district": "士林區", "address": "士林區延平北路七段106巷24、26、26-1、28、30號", "new_address": "臺北市士林區延平北路七段106巷24、26、26-1、28、30號" }, "geometry": { "type": "Point", "coordinates": [ 121.495967, 25.103969 ] } },
{ "type": "Feature", "properties": { "name": "大稻埕千秋街店屋", "affection": "古蹟", "category": "宅第", "rank": "市定", "district": "大同區", "address": "大同區貴德街51號", "new_address": "臺北市大同區貴德街51號" }, "geometry": { "type": "Point", "coordinates": [ 121.508373, 25.055103 ] } },
{ "type": "Feature", "properties": { "name": "臺鐵舊宿舍─臨沂街63巷19號", "affection": "歷史建築", "category": "宅第", "rank": null, "district": "中正區", "address": "中正區臨沂街63巷19號", "new_address": "臺北市中正區臨沂街63巷19號" }, "geometry": { "type": "Point", "coordinates": [ 121.530362, 25.035885 ] } },
{ "type": "Feature", "properties": { "name": "中國電影製片廠-A攝影棚、錄音室", "affection": "歷史建築", "category": "產業", "rank": null, "district": "北投區", "address": "北投區中央北路二段400號", "new_address": "臺北市北投區中央北路二段400號" }, "geometry": { "type": "Point", "coordinates": [ 121.487852, 25.13853 ] } },
{ "type": "Feature", "properties": { "name": "景美集應廟", "affection": "古蹟", "category": "寺廟", "rank": "市定", "district": "文山區", "address": "文山區景美街37號", "new_address": "臺北市文山區景美街37號" }, "geometry": { "type": "Point", "coordinates": [ 121.541753, 24.991814 ] } },
{ "type": "Feature", "properties": { "name": "臨沂街71巷33號日式住宅", "affection": "古蹟", "category": "宅第", "rank": "市定", "district": "中正區", "address": "中正區臨沂街71巷33號", "new_address": "臺北市中正區臨沂街71巷33號" }, "geometry": { "type": "Point", "coordinates": [ 121.530433, 25.03548 ] } },
{ "type": "Feature", "properties": { "name": "南港煙囪", "affection": "歷史建築", "category": "產業", "rank": null, "district": "南港區", "address": "南港區南港路2段51號", "new_address": "臺北市南港區南港路2段51號" }, "geometry": { "type": "Point", "coordinates": [ 121.608358, 25.054164 ] } },
{ "type": "Feature", "properties": { "name": "士林慈諴宮", "affection": "古蹟", "category": "寺廟", "rank": "市定", "district": "士林區", "address": "士林區大南路84號", "new_address": "臺北市士林區大南路84號" }, "geometry": { "type": "Point", "coordinates": [ 121.52468, 25.089521 ] } },
{ "type": "Feature", "properties": { "name": "原樟腦精製工廠", "affection": "歷史建築", "category": "產業", "rank": null, "district": "中正區", "address": "中正區八德路1段1號", "new_address": "臺北市中正區八德路1段1號" }, "geometry": { "type": "Point", "coordinates": [ 121.529221, 25.044319 ] } },
{ "type": "Feature", "properties": { "name": "濟南路二段25號日式宿舍", "affection": "歷史建築", "category": "宅第", "rank": null, "district": "中正區", "address": "中正區濟南路2段25號", "new_address": "臺北市中正區濟南路2段25號" }, "geometry": { "type": "Point", "coordinates": [ 121.526363, 25.041384 ] } },
{ "type": "Feature", "properties": { "name": "急公好義坊", "affection": "古蹟", "category": "牌坊", "rank": "市定", "district": "中正區", "address": "中正區二二八紀念公園內", "new_address": "臺北市中正區二二八紀念公園內" }, "geometry": { "type": "Point", "coordinates": [ 121.515966, 25.040898 ] } },
{ "type": "Feature", "properties": { "name": "劍潭寺", "affection": "歷史建築", "category": "寺廟", "rank": null, "district": "中山區", "address": "中山區北安路805巷6號", "new_address": "臺北市中山區北安路805巷6號" }, "geometry": { "type": "Point", "coordinates": [ 121.555065, 25.085095 ] } },
{ "type": "Feature", "properties": { "name": "林華泰茶行", "affection": "歷史建築", "category": "宅第", "rank": null, "district": "大同區", "address": "大同區重慶北路2段193號", "new_address": "臺北市大同區重慶北路2段193號" }, "geometry": { "type": "Point", "coordinates": [ 121.513297, 25.067186 ] } },
{ "type": "Feature", "properties": { "name": "舊台北監獄尖底明溝", "affection": "歷史建築", "category": "其他設施", "rank": null, "district": "大安區", "address": "大安區金山南路二段94號", "new_address": "臺北市大安區金山南路二段94號" }, "geometry": { "type": "Point", "coordinates": [ 121.528439, 25.02936 ] } },
{ "type": "Feature", "properties": { "name": "迪化街1段181號店屋", "affection": "歷史建築", "category": "宅第", "rank": null, "district": "大同區", "address": "大同區迪化街1段181號", "new_address": "臺北市大同區迪化街1段181號" }, "geometry": { "type": "Point", "coordinates": [ 121.509636, 25.063566 ] } },
{ "type": "Feature", "properties": { "name": "國立臺灣大學機械工程館", "affection": "歷史建築", "category": "其他設施", "rank": null, "district": "大安區", "address": "大安區羅斯福路4段1號", "new_address": "臺北市大安區羅斯福路4段1號" }, "geometry": { "type": "Point", "coordinates": [ 121.530434, 25.018636 ] } },
{ "type": "Feature", "properties": { "name": "國立教育廣播電台", "affection": "歷史建築", "category": "其他設施", "rank": null, "district": "中正區", "address": "中正區南海路41號", "new_address": "臺北市中正區南海路41號" }, "geometry": { "type": "Point", "coordinates": [ 121.512319, 25.031761 ] } },
{ "type": "Feature", "properties": { "name": "優人神鼓山上劇場", "affection": "文化景觀", "category": "其他場域", "rank": null, "district": "文山區", "address": "文山區老泉街26巷030號", "new_address": "臺北市文山區老泉街26巷030號" }, "geometry": { "type": "Point", "coordinates": [ 121.568297, 24.972211 ] } },
{ "type": "Feature", "properties": { "name": "原八芝蘭公學校講堂", "affection": "古蹟", "category": "其他設施", "rank": "市定", "district": "士林區", "address": "士林區臺北市士林區大東路165號", "new_address": "臺北市士林區臺北市士林區大東路165號" }, "geometry": { "type": "Point", "coordinates": [ 121.525071, 25.092834 ] } },
{ "type": "Feature", "properties": { "name": "臺灣大學校門", "affection": "古蹟", "category": "其他設施", "rank": "市定", "district": "大安區", "address": "大安區羅斯福路4段1號", "new_address": "臺北市大安區羅斯福路4段1號" }, "geometry": { "type": "Point", "coordinates": [ 121.530434, 25.018636 ] } },
{ "type": "Feature", "properties": { "name": "臺灣電力株式會社社長宿舍", "affection": "古蹟", "category": "宅第", "rank": "市定", "district": "中正區", "address": "中正區延平南路119號", "new_address": "臺北市中正區延平南路119號" }, "geometry": { "type": "Point", "coordinates": [ 121.50939, 25.03983 ] } },
{ "type": "Feature", "properties": { "name": "前南菜園日式宿舍", "affection": "古蹟", "category": "宅第", "rank": "市定", "district": "中正區", "address": "中正區牯嶺街81巷4號", "new_address": "臺北市中正區牯嶺街81巷4號" }, "geometry": { "type": "Point", "coordinates": [ 121.518564, 25.027977 ] } },
{ "type": "Feature", "properties": { "name": "草山水道系統", "affection": "古蹟", "category": "其他設施", "rank": "市定", "district": "北投區", "address": "北投區湖山段二小段347等72筆地號", "new_address": "臺北市北投區湖山段二小段347等72筆地號" }, "geometry": { "type": "Point", "coordinates": [ 121.536575, 25.147997 ] } },
{ "type": "Feature", "properties": { "name": "迪化街一段207號店屋(原廣和堂藥舖)", "affection": "歷史建築", "category": "宅第", "rank": null, "district": "大同區", "address": "大同區迪化街1段207號", "new_address": "臺北市大同區迪化街1段207號" }, "geometry": { "type": "Point", "coordinates": [ 121.509636, 25.063566 ] } },
{ "type": "Feature", "properties": { "name": "西寧北路86巷8、12、14號店屋", "affection": "歷史建築", "category": "宅第", "rank": null, "district": "大同區", "address": "大同區西寧北路86巷8號", "new_address": "臺北市大同區西寧北路86巷8號" }, "geometry": { "type": "Point", "coordinates": [ 121.508668, 25.05518 ] } },
{ "type": "Feature", "properties": { "name": "南海學園科學館", "affection": "古蹟", "category": "其他設施", "rank": "市定", "district": "中正區", "address": "中正區南海路41號", "new_address": "臺北市中正區南海路41號" }, "geometry": { "type": "Point", "coordinates": [ 121.512319, 25.031761 ] } },
{ "type": "Feature", "properties": { "name": "胡適故居", "affection": "紀念建築", "category": "宅第", "rank": null, "district": "南港區", "address": "南港區研究院路二段 130號", "new_address": "臺北市南港區研究院路二段 130號" }, "geometry": { "type": "Point", "coordinates": [ 121.617195, 25.039986 ] } },
{ "type": "Feature", "properties": { "name": "李鎮源故居", "affection": "歷史建築", "category": "宅第", "rank": null, "district": "中正區", "address": "中正區紹興南街32巷2號", "new_address": "臺北市中正區紹興南街32巷2號" }, "geometry": { "type": "Point", "coordinates": [ 121.522994, 25.037742 ] } },
{ "type": "Feature", "properties": { "name": "舊廈門街派出所（川端町派出所）", "affection": "歷史建築", "category": "衙署", "rank": null, "district": "中正區", "address": "中正區廈門街94號", "new_address": "臺北市中正區廈門街94號" }, "geometry": { "type": "Point", "coordinates": [ 121.517337, 25.024164 ] } },
{ "type": "Feature", "properties": { "name": "衡陽路54號店屋", "affection": "古蹟", "category": "商店", "rank": "市定", "district": "中正區", "address": "中正區衡陽路54號", "new_address": "臺北市中正區衡陽路54號" }, "geometry": { "type": "Point", "coordinates": [ 121.512029, 25.042184 ] } },
{ "type": "Feature", "properties": { "name": "萬華國中活動中心", "affection": "歷史建築", "category": "學校", "rank": null, "district": "萬華區", "address": "萬華區臺北市萬華區西藏路201號", "new_address": "臺北市萬華區臺北市萬華區西藏路201號" }, "geometry": { "type": "Point", "coordinates": [ 121.4987, 25.02916 ] } },
{ "type": "Feature", "properties": { "name": "全祥茶莊精製廠", "affection": "古蹟", "category": "產業", "rank": "市定", "district": "大同區", "address": "大同區貴德街49號", "new_address": "臺北市大同區貴德街49號" }, "geometry": { "type": "Point", "coordinates": [ 121.508366, 25.055052 ] } },
{ "type": "Feature", "properties": { "name": "新園街3號", "affection": "歷史建築", "category": "宅第", "rank": null, "district": "士林區", "address": "士林區新園街3號", "new_address": "臺北市士林區新園街3號" }, "geometry": { "type": "Point", "coordinates": [ 121.554213, 25.152442 ] } },
{ "type": "Feature", "properties": { "name": "三井物產株式會社舊倉庫", "affection": "歷史建築", "category": "產業", "rank": null, "district": "中正區", "address": "中正區臺北市中正區忠孝西路一段265號", "new_address": "臺北市中正區臺北市中正區忠孝西路一段265號" }, "geometry": { "type": "Point", "coordinates": [ 121.518897, 25.046378 ] } },
{ "type": "Feature", "properties": { "name": "湖底路93號房舍", "affection": "歷史建築", "category": "宅第", "rank": null, "district": "北投區", "address": "北投區北投區湖底路93號", "new_address": "臺北市北投區北投區湖底路93號" }, "geometry": { "type": "Point", "coordinates": [ 121.538696, 25.154316 ] } },
{ "type": "Feature", "properties": { "name": "原下奎府町郵便局", "affection": "歷史建築", "category": "衙署", "rank": null, "district": "大同區", "address": "大同區南京西路105號", "new_address": "臺北市大同區南京西路105號" }, "geometry": { "type": "Point", "coordinates": [ 121.515666, 25.054917 ] } },
{ "type": "Feature", "properties": { "name": "懷寧街96號店屋", "affection": "古蹟", "category": "其他設施", "rank": "市定", "district": "中正區", "address": "中正區懷寧街96號", "new_address": "臺北市中正區懷寧街96號" }, "geometry": { "type": "Point", "coordinates": [ 121.513955, 25.04215 ] } },
{ "type": "Feature", "properties": { "name": "周氏節孝坊", "affection": "古蹟", "category": "牌坊", "rank": "市定", "district": "北投區", "address": "北投區豐年路1段36號門口", "new_address": "臺北市北投區豐年路1段36號門口" }, "geometry": { "type": "Point", "coordinates": [ 121.4962, 25.134508 ] } },
{ "type": "Feature", "properties": { "name": "社子島李忠記宅", "affection": "歷史建築", "category": "宅第", "rank": null, "district": "士林區", "address": "士林區延平北路9段86號", "new_address": "臺北市士林區延平北路9段86號" }, "geometry": { "type": "Point", "coordinates": [ 121.510562, 25.084981 ] } },
{ "type": "Feature", "properties": { "name": "嘉禾新村－永春街131巷1號、永春街131巷5號、永春街131巷3弄1號、3號、4號及防空洞", "affection": "歷史建築", "category": "宅第,其他設施", "rank": null, "district": "中正區", "address": "中正區永春街131巷1號", "new_address": "臺北市中正區永春街131巷1號" }, "geometry": { "type": "Point", "coordinates": [ 121.527022, 25.015899 ] } },
{ "type": "Feature", "properties": { "name": "梁實秋故居", "affection": "歷史建築", "category": "宅第", "rank": null, "district": "大安區", "address": "大安區雲和街11號", "new_address": "臺北市大安區雲和街11號" }, "geometry": { "type": "Point", "coordinates": [ 121.527862, 25.023762 ] } },
{ "type": "Feature", "properties": { "name": "太平町店屋-延平北路2段27號", "affection": "歷史建築", "category": "宅第", "rank": null, "district": "大同區", "address": "大同區延平北路2段27號", "new_address": "臺北市大同區延平北路2段27號" }, "geometry": { "type": "Point", "coordinates": [ 121.511684, 25.055428 ] } },
{ "type": "Feature", "properties": { "name": "峰圃茶莊", "affection": "歷史建築", "category": "宅第", "rank": null, "district": "中正區", "address": "中正區重慶南路1段35號", "new_address": "臺北市中正區重慶南路1段35號" }, "geometry": { "type": "Point", "coordinates": [ 121.515512, 25.029592 ] } },
{ "type": "Feature", "properties": { "name": "北投公共浴場", "affection": "古蹟", "category": "其他設施", "rank": "市定", "district": "北投區", "address": "北投區中山路2號", "new_address": "臺北市北投區中山路2號" }, "geometry": { "type": "Point", "coordinates": [ 121.506511, 25.136725 ] } },
{ "type": "Feature", "properties": { "name": "國立臺灣大學日式宿舍－銅山街4號", "affection": "歷史建築", "category": "宅第", "rank": null, "district": "中正區", "address": "中正區銅山街4號", "new_address": "臺北市中正區銅山街4號" }, "geometry": { "type": "Point", "coordinates": [ 121.526288, 25.040683 ] } },
{ "type": "Feature", "properties": { "name": "陳德星堂", "affection": "古蹟", "category": "祠堂,寺廟", "rank": "市定", "district": "大同區", "address": "大同區寧夏路27號", "new_address": "臺北市大同區寧夏路27號" }, "geometry": { "type": "Point", "coordinates": [ 121.515424, 25.056031 ] } },
{ "type": "Feature", "properties": { "name": "松山機場第一航廈", "affection": "歷史建築", "category": "其他設施", "rank": null, "district": "松山區", "address": "松山區敦化北路340之9號", "new_address": "臺北市松山區敦化北路340之9號" }, "geometry": { "type": "Point", "coordinates": [ 121.549815, 25.063374 ] } },
{ "type": "Feature", "properties": { "name": "立法院(原臺北州立第二高等女學校)", "affection": "古蹟", "category": "衙署", "rank": "市定", "district": "中正區", "address": "中正區臺北市中正區中山南路1號", "new_address": "臺北市中正區臺北市中正區中山南路1號" }, "geometry": { "type": "Point", "coordinates": [ 121.519583, 25.043966 ] } },
{ "type": "Feature", "properties": { "name": "國父紀念館", "affection": "古蹟", "category": "其他設施", "rank": "市定", "district": "信義區", "address": "信義區臺北市信義區仁愛路四段505號", "new_address": "臺北市信義區臺北市信義區仁愛路四段505號" }, "geometry": { "type": "Point", "coordinates": [ 121.560255, 25.039515 ] } },
{ "type": "Feature", "properties": { "name": "芝山岩惠濟宮", "affection": "古蹟", "category": "寺廟", "rank": "市定", "district": "士林區", "address": "士林區至誠路1段326巷26號", "new_address": "臺北市士林區至誠路1段326巷26號" }, "geometry": { "type": "Point", "coordinates": [ 121.536252, 25.101207 ] } },
{ "type": "Feature", "properties": { "name": "原臺灣重要物資營團", "affection": "歷史建築", "category": "辦公廳舍", "rank": null, "district": "中正區", "address": "中正區忠孝東路二段1號", "new_address": "臺北市中正區忠孝東路二段1號" }, "geometry": { "type": "Point", "coordinates": [ 121.528079, 25.042635 ] } },
{ "type": "Feature", "properties": { "name": "舊總督府第二師範學校小使室及便所", "affection": "歷史建築", "category": "其他設施", "rank": null, "district": "大安區", "address": "大安區和平東路2段134號", "new_address": "臺北市大安區和平東路2段134號" }, "geometry": { "type": "Point", "coordinates": [ 121.555518, 25.019466 ] } },
{ "type": "Feature", "properties": { "name": "草山教師研習中心", "affection": "古蹟", "category": "其他設施", "rank": "市定", "district": "北投區", "address": "北投區陽明山建國街2號", "new_address": "臺北市北投區陽明山建國街2號" }, "geometry": { "type": "Point", "coordinates": [ 121.548515, 25.151303 ] } },
{ "type": "Feature", "properties": { "name": "潘宮籌墓", "affection": "古蹟", "category": "墓葬", "rank": "市定", "district": "士林區", "address": null, "new_address": null }, "geometry": { "type": "Point", "coordinates": [ -1.551244, 47.218183 ] } },
{ "type": "Feature", "properties": { "name": "社子島李和興宅", "affection": "歷史建築", "category": "宅第", "rank": null, "district": "士林區", "address": "士林區延平北路8段133巷11號", "new_address": "臺北市士林區延平北路8段133巷11號" }, "geometry": { "type": "Point", "coordinates": [ 121.511314, 25.079381 ] } },
{ "type": "Feature", "properties": { "name": "波麗路餐廳", "affection": "歷史建築", "category": "商店", "rank": null, "district": "大同區", "address": "大同區民生西路314號", "new_address": "臺北市大同區民生西路314號" }, "geometry": { "type": "Point", "coordinates": [ 121.511964, 25.056878 ] } },
{ "type": "Feature", "properties": { "name": "八卦升旗臺", "affection": "歷史建築", "category": "其他設施", "rank": null, "district": "北投區", "address": "北投區陽明路2段15號", "new_address": "臺北市北投區陽明路2段15號" }, "geometry": { "type": "Point", "coordinates": [ 121.511423, 25.123499 ] } },
{ "type": "Feature", "properties": { "name": "國父史蹟館", "affection": "歷史建築", "category": "其他設施", "rank": null, "district": "中正區", "address": "中正區中山北路1段46號", "new_address": "臺北市中正區中山北路1段46號" }, "geometry": { "type": "Point", "coordinates": [ 121.522708, 25.051353 ] } },
{ "type": "Feature", "properties": { "name": "海軍將官官舍", "affection": "歷史建築", "category": "宅第", "rank": null, "district": "中正區", "address": "中正區泰安街1巷2號", "new_address": "臺北市中正區泰安街1巷2號" }, "geometry": { "type": "Point", "coordinates": [ 121.52858, 25.040432 ] } },
{ "type": "Feature", "properties": { "name": "原士林公會堂", "affection": "歷史建築", "category": "其他設施", "rank": null, "district": "士林區", "address": "士林區大東路145號", "new_address": "臺北市士林區大東路145號" }, "geometry": { "type": "Point", "coordinates": [ 121.525004, 25.092436 ] } },
{ "type": "Feature", "properties": { "name": "福興宮", "affection": "歷史建築", "category": "寺廟", "rank": null, "district": "文山區", "address": "文山區福興路5號", "new_address": "臺北市文山區福興路5號" }, "geometry": { "type": "Point", "coordinates": [ 121.549891, 25.003415 ] } },
{ "type": "Feature", "properties": { "name": "臺大醫院舊館西址鍋爐室〈含洗衣房及煙囪〉", "affection": "歷史建築", "category": "其他設施", "rank": null, "district": "中正區", "address": "中正區公園段三小段33地號", "new_address": "臺北市中正區公園段三小段33地號" }, "geometry": { "type": "Point", "coordinates": [ 121.515966, 25.040898 ] } },
{ "type": "Feature", "properties": { "name": "芳蘭大厝", "affection": "古蹟", "category": "宅第", "rank": "市定", "district": "大安區", "address": "大安區基隆路三段155巷174號", "new_address": "臺北市大安區基隆路三段155巷174號" }, "geometry": { "type": "Point", "coordinates": [ 121.547985, 25.013327 ] } },
{ "type": "Feature", "properties": { "name": "濟南基督長老教會", "affection": "古蹟", "category": "教堂", "rank": "市定", "district": "中正區", "address": "中正區中山南路3號", "new_address": "臺北市中正區中山南路3號" }, "geometry": { "type": "Point", "coordinates": [ 121.519404, 25.043478 ] } },
{ "type": "Feature", "properties": { "name": "清代機器局遺構", "affection": "古蹟", "category": "衙署", "rank": "市定", "district": "大同區", "address": "大同區塔城街東西兩側", "new_address": "臺北市大同區塔城街東西兩側" }, "geometry": { "type": "Point", "coordinates": [ 121.510504, 25.050863 ] } },
{ "type": "Feature", "properties": { "name": "凱達格蘭北投社", "affection": "史蹟", "category": "拓墾(植)場所", "rank": null, "district": "北投區", "address": "北投區凱達格蘭北投社", "new_address": "臺北市北投區凱達格蘭北投社" }, "geometry": { "type": "Point", "coordinates": [ 121.50189, 25.133465 ] } },
{ "type": "Feature", "properties": { "name": "迪化街1段15號暨南京西路233巷14號店屋", "affection": "歷史建築", "category": "其他設施", "rank": null, "district": "大同區", "address": "大同區迪化街1段15號", "new_address": "臺北市大同區迪化街1段15號" }, "geometry": { "type": "Point", "coordinates": [ 121.509636, 25.063566 ] } },
{ "type": "Feature", "properties": { "name": "錦町日式宿舍─林務局局長舊宿舍", "affection": "古蹟", "category": "宅第", "rank": "市定", "district": "大安區", "address": "大安區金華街132號", "new_address": "臺北市大安區金華街132號" }, "geometry": { "type": "Point", "coordinates": [ 121.527895, 25.029866 ] } },
{ "type": "Feature", "properties": { "name": "迪化街一段339號店屋", "affection": "歷史建築", "category": "宅第", "rank": null, "district": "大同區", "address": "大同區臺北市大同區迪化街1段339號", "new_address": "臺北市大同區臺北市大同區迪化街1段339號" }, "geometry": { "type": "Point", "coordinates": [ 121.51378, 25.065937 ] } },
{ "type": "Feature", "properties": { "name": "新生北路3段62巷25號", "affection": "歷史建築", "category": "宅第", "rank": null, "district": "中山區", "address": "中山區新生北路3段62巷25號", "new_address": "臺北市中山區新生北路3段62巷25號" }, "geometry": { "type": "Point", "coordinates": [ 121.52796, 25.058624 ] } },
{ "type": "Feature", "properties": { "name": "原建成區公所廳舍", "affection": "歷史建築", "category": "衙署", "rank": null, "district": "大同區", "address": "大同區承德路1段80號", "new_address": "臺北市大同區承德路1段80號" }, "geometry": { "type": "Point", "coordinates": [ 121.518506, 25.063356 ] } },
{ "type": "Feature", "properties": { "name": "濟南路二段27號日式宿舍", "affection": "歷史建築", "category": "宅第", "rank": null, "district": "中正區", "address": "中正區濟南路2段27號", "new_address": "臺北市中正區濟南路2段27號" }, "geometry": { "type": "Point", "coordinates": [ 121.526363, 25.041384 ] } },
{ "type": "Feature", "properties": { "name": "清真寺", "affection": "古蹟", "category": "寺廟", "rank": "市定", "district": "大安區", "address": "大安區新生南路二段62號", "new_address": "臺北市大安區新生南路二段62號" }, "geometry": { "type": "Point", "coordinates": [ 121.534209, 25.027937 ] } },
{ "type": "Feature", "properties": { "name": "大千百貨", "affection": "歷史建築", "category": "其他設施", "rank": null, "district": "大同區", "address": "大同區延平北路2段3號", "new_address": "臺北市大同區延平北路2段3號" }, "geometry": { "type": "Point", "coordinates": [ 121.511684, 25.055428 ] } },
{ "type": "Feature", "properties": { "name": "賴氏萬壽塔", "affection": "歷史建築", "category": "墓葬", "rank": null, "district": "文山區", "address": "文山區興隆路2段203巷底", "new_address": "臺北市文山區興隆路2段203巷底" }, "geometry": { "type": "Point", "coordinates": [ 121.5582, 24.99769 ] } },
{ "type": "Feature", "properties": { "name": "延平北路一段147號店屋", "affection": "歷史建築", "category": "宅第", "rank": null, "district": "大同區", "address": "大同區延平北路一段147號", "new_address": "臺北市大同區延平北路一段147號" }, "geometry": { "type": "Point", "coordinates": [ 121.511874, 25.053552 ] } },
{ "type": "Feature", "properties": { "name": "社子島浮洲王宅", "affection": "歷史建築", "category": "宅第", "rank": null, "district": "士林區", "address": "士林區延平北路八段2巷206弄1號", "new_address": "臺北市士林區延平北路八段2巷206弄1號" }, "geometry": { "type": "Point", "coordinates": [ 121.490045, 25.110196 ] } },
{ "type": "Feature", "properties": { "name": "迪化街1段98號店屋", "affection": "歷史建築", "category": "宅第", "rank": null, "district": "大同區", "address": "大同區迪化街1段98號", "new_address": "臺北市大同區迪化街1段98號" }, "geometry": { "type": "Point", "coordinates": [ 121.509636, 25.063566 ] } },
{ "type": "Feature", "properties": { "name": "北投中心新村聚落", "affection": "聚落建築群", "category": "近代宿舍", "rank": null, "district": "北投區", "address": "北投區新民路二小段516-1、517、518、533-2、215-2地號土地", "new_address": "臺北市北投區新民路二小段516-1、517、518、533-2、215-2地號土地" }, "geometry": { "type": "Point", "coordinates": [ 121.509683, 25.139915 ] } },
{ "type": "Feature", "properties": { "name": "新生北路3段62巷24號", "affection": "歷史建築", "category": "宅第", "rank": null, "district": "中山區", "address": "中山區新生北路3段62巷24號", "new_address": "臺北市中山區新生北路3段62巷24號" }, "geometry": { "type": "Point", "coordinates": [ 121.52796, 25.058624 ] } },
{ "type": "Feature", "properties": { "name": "青田街9巷6號", "affection": "歷史建築", "category": "宅第", "rank": null, "district": "大安區", "address": "大安區青田街9巷6號", "new_address": "臺北市大安區青田街9巷6號" }, "geometry": { "type": "Point", "coordinates": [ 121.53265, 25.027436 ] } },
{ "type": "Feature", "properties": { "name": "福州街11號日式宿舍", "affection": "古蹟", "category": "宅第", "rank": "市定", "district": "中正區", "address": "中正區福州街11號", "new_address": "臺北市中正區福州街11號" }, "geometry": { "type": "Point", "coordinates": [ 121.51932, 25.02933 ] } },
{ "type": "Feature", "properties": { "name": "大稻埕變電所", "affection": "古蹟", "category": "產業", "rank": "市定", "district": "大同區", "address": "大同區太原路187號", "new_address": "臺北市大同區太原路187號" }, "geometry": { "type": "Point", "coordinates": [ 121.5169, 25.056132 ] } },
{ "type": "Feature", "properties": { "name": "臺灣總督府電話交換局", "affection": "古蹟", "category": "其他設施", "rank": "市定", "district": "中正區", "address": "中正區博愛路168號", "new_address": "臺北市中正區博愛路168號" }, "geometry": { "type": "Point", "coordinates": [ 121.511043, 25.039523 ] } },
{ "type": "Feature", "properties": { "name": "黃氏節孝坊", "affection": "古蹟", "category": "牌坊", "rank": "市定", "district": "中正區", "address": "中正區二二八紀念公園內", "new_address": "臺北市中正區二二八紀念公園內" }, "geometry": { "type": "Point", "coordinates": [ 121.515966, 25.040898 ] } },
{ "type": "Feature", "properties": { "name": "獻堂館", "affection": "歷史建築", "category": "其他設施", "rank": null, "district": "中正區", "address": "中正區南海路45號", "new_address": "臺北市中正區南海路45號" }, "geometry": { "type": "Point", "coordinates": [ 121.511555, 25.032466 ] } },
{ "type": "Feature", "properties": { "name": "國立故宮博物院", "affection": "歷史建築", "category": "博物館", "rank": null, "district": "士林區", "address": "士林區至善路2段221號", "new_address": "臺北市士林區至善路2段221號" }, "geometry": { "type": "Point", "coordinates": [ 121.574031, 25.116711 ] } },
{ "type": "Feature", "properties": { "name": "延平北路1段149及151號店屋（太和堂藥房）", "affection": "歷史建築", "category": "宅第", "rank": null, "district": "大同區", "address": "大同區延平北路1段149號", "new_address": "臺北市大同區延平北路1段149號" }, "geometry": { "type": "Point", "coordinates": [ 121.511478, 25.055246 ] } },
{ "type": "Feature", "properties": { "name": "衡陽路35號店屋", "affection": "歷史建築", "category": "商店", "rank": null, "district": "中正區", "address": "中正區衡陽路35號", "new_address": "臺北市中正區衡陽路35號" }, "geometry": { "type": "Point", "coordinates": [ 121.512443, 25.042389 ] } },
{ "type": "Feature", "properties": { "name": "盧致德院長宿舍、國防醫學院附設學人新村暨愛德幼兒園", "affection": "歷史建築", "category": "學校,宅第", "rank": null, "district": "中正區", "address": "中正區汀州路3段24巷1號", "new_address": "臺北市中正區汀州路3段24巷1號" }, "geometry": { "type": "Point", "coordinates": [ 121.533477, 25.013686 ] } },
{ "type": "Feature", "properties": { "name": "齊東街53巷10號日式宿舍", "affection": "歷史建築", "category": "宅第", "rank": null, "district": "中正區", "address": "中正區齊東街53巷10號", "new_address": "臺北市中正區齊東街53巷10號" }, "geometry": { "type": "Point", "coordinates": [ 121.528457, 25.041508 ] } },
{ "type": "Feature", "properties": { "name": "延平北路二段45號店屋", "affection": "歷史建築", "category": "宅第", "rank": null, "district": "大同區", "address": "大同區延平北路2段45號", "new_address": "臺北市大同區延平北路2段45號" }, "geometry": { "type": "Point", "coordinates": [ 121.511684, 25.055428 ] } },
{ "type": "Feature", "properties": { "name": "國立政治大學「四維堂」、「果夫樓」、「志希樓」", "affection": "歷史建築", "category": "學校", "rank": null, "district": "文山區", "address": "文山區指南路二段64號", "new_address": "臺北市文山區指南路二段64號" }, "geometry": { "type": "Point", "coordinates": [ 121.576502, 24.987419 ] } },
{ "type": "Feature", "properties": { "name": "安西街周宅", "affection": "歷史建築", "category": "宅第", "rank": null, "district": "大同區", "address": "大同區安西街1巷5號", "new_address": "臺北市大同區安西街1巷5號" }, "geometry": { "type": "Point", "coordinates": [ 121.510286, 25.059187 ] } },
{ "type": "Feature", "properties": { "name": "張學良故居", "affection": "歷史建築", "category": "宅第", "rank": null, "district": "北投區", "address": "北投區復興三路70號", "new_address": "臺北市北投區復興三路70號" }, "geometry": { "type": "Point", "coordinates": [ 121.505916, 25.166216 ] } },
{ "type": "Feature", "properties": { "name": "迪化街1段183號店屋", "affection": "歷史建築", "category": "宅第", "rank": null, "district": "大同區", "address": "大同區迪化街1段183號", "new_address": "臺北市大同區迪化街1段183號" }, "geometry": { "type": "Point", "coordinates": [ 121.509636, 25.063566 ] } },
{ "type": "Feature", "properties": { "name": "錦町日式宿舍─杭州南路2段67號", "affection": "歷史建築", "category": "宅第", "rank": null, "district": "大安區", "address": "大安區杭州南路2段67號", "new_address": "臺北市大安區杭州南路2段67號" }, "geometry": { "type": "Point", "coordinates": [ 121.522646, 25.031489 ] } },
{ "type": "Feature", "properties": { "name": "林語堂故居", "affection": "紀念建築", "category": "宅第", "rank": null, "district": "士林區", "address": "士林區仰德大道2段141號", "new_address": "臺北市士林區仰德大道2段141號" }, "geometry": { "type": "Point", "coordinates": [ 121.552435, 25.121129 ] } },
{ "type": "Feature", "properties": { "name": "北投陳氏祠堂", "affection": "歷史建築", "category": "祠堂", "rank": null, "district": "北投區", "address": "北投區大同街12號", "new_address": "臺北市北投區大同街12號" }, "geometry": { "type": "Point", "coordinates": [ 121.499585, 25.136625 ] } },
{ "type": "Feature", "properties": { "name": "同安街28巷1號日式宿舍", "affection": "歷史建築", "category": "宅第", "rank": null, "district": "中正區", "address": "中正區同安街28巷1號", "new_address": "臺北市中正區同安街28巷1號" }, "geometry": { "type": "Point", "coordinates": [ 121.521693, 25.024798 ] } },
{ "type": "Feature", "properties": { "name": "延平北路二段70號店屋", "affection": "歷史建築", "category": "商店", "rank": null, "district": "大同區", "address": "大同區延平北路二段70號", "new_address": "臺北市大同區延平北路二段70號" }, "geometry": { "type": "Point", "coordinates": [ 121.51155, 25.055703 ] } },
{ "type": "Feature", "properties": { "name": "戒嚴時期政治受難者墓園", "affection": "文化景觀", "category": "歷史事件場所", "rank": null, "district": "信義區", "address": "信義區六張犁崇德街山區", "new_address": "臺北市信義區六張犁崇德街山區" }, "geometry": { "type": "Point", "coordinates": [ 121.571047, 25.011357 ] } },
{ "type": "Feature", "properties": { "name": "社子島中洲埔李宅", "affection": "歷史建築", "category": "宅第", "rank": null, "district": "士林區", "address": "士林區延平北路9段92巷15號", "new_address": "臺北市士林區延平北路9段92巷15號" }, "geometry": { "type": "Point", "coordinates": [ 121.510562, 25.084981 ] } },
{ "type": "Feature", "properties": { "name": "北投陳江墓園", "affection": "歷史建築", "category": "墓葬", "rank": null, "district": "北投區", "address": "北投區中和街458巷底（北投陳江墓園）", "new_address": "臺北市北投區中和街458巷底（北投陳江墓園）" }, "geometry": { "type": "Point", "coordinates": [ 121.496051, 25.145676 ] } },
{ "type": "Feature", "properties": { "name": "臨沂街65巷11號日式住宅", "affection": "歷史建築", "category": "宅第", "rank": null, "district": "中正區", "address": "中正區臨沂街65巷11號", "new_address": "臺北市中正區臨沂街65巷11號" }, "geometry": { "type": "Point", "coordinates": [ 121.529329, 25.035894 ] } },
{ "type": "Feature", "properties": { "name": "李國鼎故居", "affection": "古蹟", "category": "宅第", "rank": "市定", "district": "中正區", "address": "中正區泰安街2巷3號", "new_address": "臺北市中正區泰安街2巷3號" }, "geometry": { "type": "Point", "coordinates": [ 121.527724, 25.040448 ] } },
{ "type": "Feature", "properties": { "name": "民樂街58號店屋", "affection": "歷史建築", "category": "宅第", "rank": null, "district": "大同區", "address": "大同區民樂街58號", "new_address": "臺北市大同區民樂街58號" }, "geometry": { "type": "Point", "coordinates": [ 121.510515, 25.057463 ] } },
{ "type": "Feature", "properties": { "name": "林安泰古厝", "affection": "歷史建築", "category": "宅第", "rank": null, "district": "中山區", "address": "中山區濱江街5號", "new_address": "臺北市中山區濱江街5號" }, "geometry": { "type": "Point", "coordinates": [ 121.530362, 25.071748 ] } },
{ "type": "Feature", "properties": { "name": "原大阪商船株式會社臺北支店", "affection": "古蹟", "category": "產業", "rank": "市定", "district": "中正區", "address": "中正區忠孝西路一段70號", "new_address": "臺北市中正區忠孝西路一段70號" }, "geometry": { "type": "Point", "coordinates": [ 121.514559, 25.046681 ] } },
{ "type": "Feature", "properties": { "name": "松山療養所所長宿舍", "affection": "歷史建築", "category": "宅第", "rank": null, "district": "南港區", "address": "南港區昆陽街164號", "new_address": "臺北市南港區昆陽街164號" }, "geometry": { "type": "Point", "coordinates": [ 121.593552, 25.048468 ] } },
{ "type": "Feature", "properties": { "name": "國立中央圖書館舊址", "affection": "歷史建築", "category": "衙署", "rank": null, "district": "中正區", "address": "中正區南海路43號", "new_address": "臺北市中正區南海路43號" }, "geometry": { "type": "Point", "coordinates": [ 121.511605, 25.032793 ] } },
{ "type": "Feature", "properties": { "name": "前美國大使官邸", "affection": "古蹟", "category": "宅第", "rank": "市定", "district": "中山區", "address": "中山區中山北路2段18號", "new_address": "臺北市中山區中山北路2段18號" }, "geometry": { "type": "Point", "coordinates": [ 121.521853, 25.051438 ] } },
{ "type": "Feature", "properties": { "name": "月涵堂", "affection": "歷史建築", "category": "書院", "rank": null, "district": "大安區", "address": "大安區金華街110號", "new_address": "臺北市大安區金華街110號" }, "geometry": { "type": "Point", "coordinates": [ 121.529258, 25.029783 ] } },
{ "type": "Feature", "properties": { "name": "迪化街1段278號店屋", "affection": "歷史建築", "category": "宅第", "rank": null, "district": "大同區", "address": "大同區迪化街1段278號", "new_address": "臺北市大同區迪化街1段278號" }, "geometry": { "type": "Point", "coordinates": [ 121.509636, 25.063566 ] } },
{ "type": "Feature", "properties": { "name": "迪化街1段174號店屋", "affection": "歷史建築", "category": "宅第", "rank": null, "district": "大同區", "address": "大同區迪化街1段174號", "new_address": "臺北市大同區迪化街1段174號" }, "geometry": { "type": "Point", "coordinates": [ 121.509636, 25.063566 ] } },
{ "type": "Feature", "properties": { "name": "臺北郵局", "affection": "古蹟", "category": "機關", "rank": "市定", "district": "中正區", "address": "中正區忠孝西路1段118號", "new_address": "臺北市中正區忠孝西路1段118號" }, "geometry": { "type": "Point", "coordinates": [ 121.518991, 25.046234 ] } },
{ "type": "Feature", "properties": { "name": "「陽明山美國在臺協會(原美援運用委員會)宿舍」", "affection": "歷史建築", "category": "宅第", "rank": null, "district": "士林區", "address": "士林區中庸1路2號", "new_address": "臺北市士林區中庸1路2號" }, "geometry": { "type": "Point", "coordinates": [ 121.548122, 25.134823 ] } },
{ "type": "Feature", "properties": { "name": "寶藏巖", "affection": "古蹟", "category": "寺廟", "rank": "市定", "district": "中正區", "address": "中正區汀州路3段230巷23號", "new_address": "臺北市中正區汀州路3段230巷23號" }, "geometry": { "type": "Point", "coordinates": [ 121.533477, 25.013686 ] } },
{ "type": "Feature", "properties": { "name": "馬場町刑場", "affection": "史蹟", "category": "災難場所", "rank": null, "district": "萬華區", "address": "萬華區馬場町紀念公園", "new_address": "臺北市萬華區馬場町紀念公園" }, "geometry": { "type": "Point", "coordinates": [ 121.50058, 25.031145 ] } },
{ "type": "Feature", "properties": { "name": "太平町店屋-延平北路2段25號", "affection": "歷史建築", "category": "其他設施", "rank": null, "district": "大同區", "address": "大同區延平北路2段25號", "new_address": "臺北市大同區延平北路2段25號" }, "geometry": { "type": "Point", "coordinates": [ 121.511684, 25.055428 ] } },
{ "type": "Feature", "properties": { "name": "迪化街1段79號店屋", "affection": "歷史建築", "category": "宅第", "rank": null, "district": "大同區", "address": "大同區迪化街1段79號", "new_address": "臺北市大同區迪化街1段79號" }, "geometry": { "type": "Point", "coordinates": [ 121.509636, 25.063566 ] } },
{ "type": "Feature", "properties": { "name": "博愛路116號店屋", "affection": "歷史建築", "category": "商店", "rank": null, "district": "中正區", "address": "中正區博愛路116號", "new_address": "臺北市中正區博愛路116號" }, "geometry": { "type": "Point", "coordinates": [ 121.51124, 25.039503 ] } },
{ "type": "Feature", "properties": { "name": "迪化街一段130號店屋", "affection": "歷史建築", "category": "宅第", "rank": null, "district": "大同區", "address": "大同區迪化街1段130號", "new_address": "臺北市大同區迪化街1段130號" }, "geometry": { "type": "Point", "coordinates": [ 121.509636, 25.063566 ] } },
{ "type": "Feature", "properties": { "name": "陽明山美軍福利社", "affection": "歷史建築", "category": "產業", "rank": null, "district": "士林區", "address": "士林區長春街6巷2號", "new_address": "臺北市士林區長春街6巷2號" }, "geometry": { "type": "Point", "coordinates": [ 121.544173, 25.137125 ] } },
{ "type": "Feature", "properties": { "name": "太平町店屋--延平北路2段79號", "affection": "歷史建築", "category": "宅第", "rank": null, "district": "大同區", "address": "大同區延平北路2段79號", "new_address": "臺北市大同區延平北路2段79號" }, "geometry": { "type": "Point", "coordinates": [ 121.511684, 25.055428 ] } },
{ "type": "Feature", "properties": { "name": "太原五百完人紀念建築群", "affection": "歷史建築", "category": "祠堂", "rank": null, "district": "中山區", "address": "中山區中山北路4段11巷（圓山山腳下）", "new_address": "臺北市中山區中山北路4段11巷（圓山山腳下）" }, "geometry": { "type": "Point", "coordinates": [ 121.522937, 25.051592 ] } },
{ "type": "Feature", "properties": { "name": "延平北路二段272巷20號店屋", "affection": "歷史建築", "category": "其他設施", "rank": null, "district": "大同區", "address": "大同區延平北路二段272巷20號", "new_address": "臺北市大同區延平北路二段272巷20號" }, "geometry": { "type": "Point", "coordinates": [ 121.510484, 25.062064 ] } },
{ "type": "Feature", "properties": { "name": "錦町日式宿舍群", "affection": "歷史建築", "category": "宅第", "rank": null, "district": "大安區", "address": "大安區金華街84、86號", "new_address": "臺北市大安區金華街84、86號" }, "geometry": { "type": "Point", "coordinates": [ 121.529258, 25.029783 ] } },
{ "type": "Feature", "properties": { "name": "永昌街7號店屋", "affection": "歷史建築", "category": "宅第", "rank": null, "district": "大同區", "address": "大同區永昌街7號", "new_address": "臺北市大同區永昌街7號" }, "geometry": { "type": "Point", "coordinates": [ 121.510728, 25.055582 ] } },
{ "type": "Feature", "properties": { "name": "西門紅樓（原新起街市場）", "affection": "古蹟", "category": "市場,其他設施", "rank": "市定", "district": "萬華區", "address": "萬華區成都路10號", "new_address": "臺北市萬華區成都路10號" }, "geometry": { "type": "Point", "coordinates": [ 121.506902, 25.04205 ] } },
{ "type": "Feature", "properties": { "name": "草山林間學校駁坎", "affection": "歷史建築", "category": "其他設施", "rank": null, "district": "北投區", "address": "北投區陽明路2段15號", "new_address": "臺北市北投區陽明路2段15號" }, "geometry": { "type": "Point", "coordinates": [ 121.511423, 25.123499 ] } },
{ "type": "Feature", "properties": { "name": "陽明山美軍俱樂部", "affection": "歷史建築", "category": "產業", "rank": null, "district": "士林區", "address": "士林區凱旋路49號", "new_address": "臺北市士林區凱旋路49號" }, "geometry": { "type": "Point", "coordinates": [ 121.547346, 25.136994 ] } },
{ "type": "Feature", "properties": { "name": "青田街8巷10號", "affection": "歷史建築", "category": "宅第", "rank": null, "district": "大安區", "address": "大安區青田街8巷10號", "new_address": "臺北市大安區青田街8巷10號" }, "geometry": { "type": "Point", "coordinates": [ 121.531149, 25.027503 ] } },
{ "type": "Feature", "properties": { "name": "建成呢絨布行", "affection": "歷史建築", "category": "商店", "rank": null, "district": "大同區", "address": "大同區南京西路239巷14號", "new_address": "臺北市大同區南京西路239巷14號" }, "geometry": { "type": "Point", "coordinates": [ 121.509638, 25.05381 ] } },
{ "type": "Feature", "properties": { "name": "延平北路二段134號店屋", "affection": "歷史建築", "category": "宅第", "rank": null, "district": "大同區", "address": "大同區延平北路二段134號", "new_address": "臺北市大同區延平北路二段134號" }, "geometry": { "type": "Point", "coordinates": [ 121.511451, 25.057424 ] } },
{ "type": "Feature", "properties": { "name": "八芝蘭番仔井", "affection": "古蹟", "category": "其他設施", "rank": "市定", "district": "士林區", "address": "士林區八芝蘭番仔井", "new_address": "臺北市士林區八芝蘭番仔井" }, "geometry": { "type": "Point", "coordinates": [ 121.52457, 25.091953 ] } },
{ "type": "Feature", "properties": { "name": "六館街尾洋式店屋（南京西路241、243、245、247、 249、251號）", "affection": "歷史建築", "category": "其他設施", "rank": null, "district": "大同區", "address": "大同區南京西路241號", "new_address": "臺北市大同區南京西路241號" }, "geometry": { "type": "Point", "coordinates": [ 121.514788, 25.053585 ] } },
{ "type": "Feature", "properties": { "name": "傅斯年圖書館", "affection": "歷史建築", "category": "辦公廳舍", "rank": null, "district": "南港區", "address": "南港區研究院路2段130號", "new_address": "臺北市南港區研究院路2段130號" }, "geometry": { "type": "Point", "coordinates": [ 121.613712, 25.035522 ] } },
{ "type": "Feature", "properties": { "name": "士林區仁民路50號", "affection": "歷史建築", "category": "官邸", "rank": null, "district": "士林區", "address": "士林區仁民路50號", "new_address": "臺北市士林區仁民路50號" }, "geometry": { "type": "Point", "coordinates": [ 121.542896, 25.133256 ] } },
{ "type": "Feature", "properties": { "name": "原巴旅館澡堂", "affection": "歷史建築", "category": "其他設施", "rank": null, "district": "士林區", "address": "士林區陽明路1段12號", "new_address": "臺北市士林區陽明路1段12號" }, "geometry": { "type": "Point", "coordinates": [ 121.538846, 25.135619 ] } },
{ "type": "Feature", "properties": { "name": "陳天來故居", "affection": "古蹟", "category": "宅第", "rank": "市定", "district": "大同區", "address": "大同區貴德街73號", "new_address": "臺北市大同區貴德街73號" }, "geometry": { "type": "Point", "coordinates": [ 121.508406, 25.056014 ] } },
{ "type": "Feature", "properties": { "name": "貴陽街二段119號店屋", "affection": "歷史建築", "category": "商店,宅第", "rank": null, "district": "萬華區", "address": "萬華區貴陽街2段119號", "new_address": "臺北市萬華區貴陽街2段119號" }, "geometry": { "type": "Point", "coordinates": [ 121.50683, 25.039242 ] } },
{ "type": "Feature", "properties": { "name": "國立臺灣大學日式宿舍－方東美寓所", "affection": "歷史建築", "category": "宅第", "rank": null, "district": "中正區", "address": "中正區牯嶺街60巷4號", "new_address": "臺北市中正區牯嶺街60巷4號" }, "geometry": { "type": "Point", "coordinates": [ 121.517415, 25.027523 ] } },
{ "type": "Feature", "properties": { "name": "陳文瀾古墓群", "affection": "古蹟", "category": "墓葬", "rank": "市定", "district": "內湖區", "address": "內湖區內湖路二段179巷63弄附近", "new_address": "臺北市內湖區內湖路二段179巷63弄附近" }, "geometry": { "type": "Point", "coordinates": [ 121.585424, 25.085101 ] } },
{ "type": "Feature", "properties": { "name": "前三軍總醫院（十字樓暨附屬設施）", "affection": "歷史建築", "category": "其他設施", "rank": null, "district": "中正區", "address": "中正區汀州路三段8號", "new_address": "臺北市中正區汀州路三段8號" }, "geometry": { "type": "Point", "coordinates": [ 121.532525, 25.010938 ] } },
{ "type": "Feature", "properties": { "name": "寶藏巖聚落", "affection": "聚落建築群", "category": "近代宿舍", "rank": null, "district": "中正區", "address": "中正區福和段二小段690、691、694、695-1、695-2地號土地", "new_address": "臺北市中正區福和段二小段690、691、694、695-1、695-2地號土地" }, "geometry": { "type": "Point", "coordinates": [ 121.5191, 25.031515 ] } },
{ "type": "Feature", "properties": { "name": "迪化街1段235、237號店屋", "affection": "歷史建築", "category": "宅第", "rank": null, "district": "大同區", "address": "大同區迪化街1段235號", "new_address": "臺北市大同區迪化街1段235號" }, "geometry": { "type": "Point", "coordinates": [ 121.509636, 25.063566 ] } },
{ "type": "Feature", "properties": { "name": "甘谷街48號店屋", "affection": "歷史建築", "category": "其他設施", "rank": null, "district": "大同區", "address": "大同區甘谷街48號", "new_address": "臺北市大同區甘谷街48號" }, "geometry": { "type": "Point", "coordinates": [ 121.51062, 25.053056 ] } },
{ "type": "Feature", "properties": { "name": "青草巷歷史建築群", "affection": "歷史建築", "category": "宅第", "rank": null, "district": "萬華區", "address": "萬華區西昌街220號", "new_address": "臺北市萬華區西昌街220號" }, "geometry": { "type": "Point", "coordinates": [ 121.494589, 25.023618 ] } },
{ "type": "Feature", "properties": { "name": "迪化街1段256號店屋", "affection": "歷史建築", "category": "宅第", "rank": null, "district": "大同區", "address": "大同區迪化街1段256號", "new_address": "臺北市大同區迪化街1段256號" }, "geometry": { "type": "Point", "coordinates": [ 121.509636, 25.063566 ] } },
{ "type": "Feature", "properties": { "name": "迪化街一段46巷16號店屋", "affection": "歷史建築", "category": "宅第", "rank": null, "district": "大同區", "address": "大同區迪化街1段46巷16號", "new_address": "臺北市大同區迪化街1段46巷16號" }, "geometry": { "type": "Point", "coordinates": [ 121.509636, 25.063566 ] } },
{ "type": "Feature", "properties": { "name": "臺大醫院舊館", "affection": "古蹟", "category": "醫院", "rank": "市定", "district": "中正區", "address": "中正區常德街1號", "new_address": "臺北市中正區常德街1號" }, "geometry": { "type": "Point", "coordinates": [ 121.517168, 25.0414 ] } },
{ "type": "Feature", "properties": { "name": "迪化街1段114號店屋", "affection": "歷史建築", "category": "其他設施", "rank": null, "district": "大同區", "address": "大同區迪化街一段114號", "new_address": "臺北市大同區迪化街一段114號" }, "geometry": { "type": "Point", "coordinates": [ 121.509813, 25.056611 ] } },
{ "type": "Feature", "properties": { "name": "安西街2、4、6號店屋", "affection": "歷史建築", "category": "宅第", "rank": null, "district": "大同區", "address": "大同區安西街2號", "new_address": "臺北市大同區安西街2號" }, "geometry": { "type": "Point", "coordinates": [ 121.510164, 25.059636 ] } },
{ "type": "Feature", "properties": { "name": "沅陵街42號店屋", "affection": "歷史建築", "category": "商店", "rank": null, "district": "中正區", "address": "中正區沅陵街42號", "new_address": "臺北市中正區沅陵街42號" }, "geometry": { "type": "Point", "coordinates": [ 121.51184, 25.042764 ] } },
{ "type": "Feature", "properties": { "name": "六張犁高氏古厝", "affection": "歷史建築", "category": "宅第", "rank": null, "district": "大安區", "address": "大安區和平東路三段212巷39號、41號", "new_address": "臺北市大安區和平東路三段212巷39號、41號" }, "geometry": { "type": "Point", "coordinates": [ 121.553529, 25.021458 ] } },
{ "type": "Feature", "properties": { "name": "原辰馬商會本町店鋪", "affection": "歷史建築", "category": "宅第", "rank": null, "district": "中正區", "address": "中正區重慶南路1段25號", "new_address": "臺北市中正區重慶南路1段25號" }, "geometry": { "type": "Point", "coordinates": [ 121.515512, 25.029592 ] } },
{ "type": "Feature", "properties": { "name": "曹洞宗大本山臺灣別院鐘樓", "affection": "古蹟", "category": "其他設施", "rank": "市定", "district": "中正區", "address": "中正區仁愛路、林森南路口", "new_address": "臺北市中正區仁愛路、林森南路口" }, "geometry": { "type": "Point", "coordinates": [ 121.521542, 25.038547 ] } },
{ "type": "Feature", "properties": { "name": "南港臺電倉庫", "affection": "古蹟", "category": "其他設施", "rank": "市定", "district": "南港區", "address": "南港區臺北市南港區忠孝東路6段39號", "new_address": "臺北市南港區臺北市南港區忠孝東路6段39號" }, "geometry": { "type": "Point", "coordinates": [ 121.612714, 25.053284 ] } },
{ "type": "Feature", "properties": { "name": "迪化街1段202號店屋", "affection": "歷史建築", "category": "宅第", "rank": null, "district": "大同區", "address": "大同區迪化街1段202號", "new_address": "臺北市大同區迪化街1段202號" }, "geometry": { "type": "Point", "coordinates": [ 121.509636, 25.063566 ] } },
{ "type": "Feature", "properties": { "name": "青田街7巷8號", "affection": "歷史建築", "category": "宅第", "rank": null, "district": "大安區", "address": "大安區青田街7巷8號", "new_address": "臺北市大安區青田街7巷8號" }, "geometry": { "type": "Point", "coordinates": [ 121.532865, 25.028015 ] } },
{ "type": "Feature", "properties": { "name": "亞洲水泥大樓", "affection": "歷史建築", "category": "產業", "rank": null, "district": "中正區", "address": "中正區臺北市中正區寶慶路27號", "new_address": "臺北市中正區臺北市中正區寶慶路27號" }, "geometry": { "type": "Point", "coordinates": [ 121.510612, 25.041441 ] } },
{ "type": "Feature", "properties": { "name": "西本願寺輪番所，遺蹟  (參道、本堂、御廟所)", "affection": "歷史建築", "category": "寺廟", "rank": null, "district": "萬華區", "address": "萬華區中華路一段174-1號", "new_address": "臺北市萬華區中華路一段174-1號" }, "geometry": { "type": "Point", "coordinates": [ 121.508239, 25.042633 ] } },
{ "type": "Feature", "properties": { "name": "衡陽路2號店屋", "affection": "古蹟", "category": "其他設施", "rank": "市定", "district": "中正區", "address": "中正區衡陽路2號", "new_address": "臺北市中正區衡陽路2號" }, "geometry": { "type": "Point", "coordinates": [ 121.513921, 25.042235 ] } },
{ "type": "Feature", "properties": { "name": "艋舺青山宮", "affection": "古蹟", "category": "寺廟", "rank": "市定", "district": "萬華區", "address": "萬華區貴陽街2段218號", "new_address": "臺北市萬華區貴陽街2段218號" }, "geometry": { "type": "Point", "coordinates": [ 121.50683, 25.039242 ] } },
{ "type": "Feature", "properties": { "name": "僑光堂", "affection": "歷史建築", "category": "集會堂", "rank": null, "district": "大安區", "address": "大安區羅斯福路四段1號", "new_address": "臺北市大安區羅斯福路四段1號" }, "geometry": { "type": "Point", "coordinates": [ 121.53967, 25.009684 ] } },
{ "type": "Feature", "properties": { "name": "齊東街日式宿舍", "affection": "古蹟", "category": "宅第", "rank": "市定", "district": "中正區", "address": "中正區齊東街53巷11號", "new_address": "臺北市中正區齊東街53巷11號" }, "geometry": { "type": "Point", "coordinates": [ 121.528557, 25.041558 ] } },
{ "type": "Feature", "properties": { "name": "迪化街一段127號店屋", "affection": "歷史建築", "category": "宅第", "rank": null, "district": "大同區", "address": "大同區迪化街1段127號", "new_address": "臺北市大同區迪化街1段127號" }, "geometry": { "type": "Point", "coordinates": [ 121.509636, 25.063566 ] } },
{ "type": "Feature", "properties": { "name": "吟松閣", "affection": "古蹟", "category": "其他設施", "rank": "市定", "district": "北投區", "address": "北投區幽雅路21號", "new_address": "臺北市北投區幽雅路21號" }, "geometry": { "type": "Point", "coordinates": [ 121.514168, 25.137275 ] } },
{ "type": "Feature", "properties": { "name": "國立臺灣大學日式宿舍－新生南路1段97巷5號", "affection": "歷史建築", "category": "宅第", "rank": null, "district": "大安區", "address": "大安區新生南路1段97巷5號", "new_address": "臺北市大安區新生南路1段97巷5號" }, "geometry": { "type": "Point", "coordinates": [ 121.53342, 25.019545 ] } },
{ "type": "Feature", "properties": { "name": "國立臺灣大學日式宿舍─翁通楹寓所", "affection": "古蹟", "category": "宅第", "rank": "市定", "district": "大安區", "address": "大安區青田街9巷5號", "new_address": "臺北市大安區青田街9巷5號" }, "geometry": { "type": "Point", "coordinates": [ 121.532685, 25.027555 ] } },
{ "type": "Feature", "properties": { "name": "衡陽路60號店屋", "affection": "古蹟", "category": "商店", "rank": "市定", "district": "中正區", "address": "中正區衡陽路60號", "new_address": "臺北市中正區衡陽路60號" }, "geometry": { "type": "Point", "coordinates": [ 121.511879, 25.042184 ] } },
{ "type": "Feature", "properties": { "name": "和平東路1段187號", "affection": "歷史建築", "category": "宅第", "rank": null, "district": "大安區", "address": "大安區和平東路1段187號", "new_address": "臺北市大安區和平東路1段187號" }, "geometry": { "type": "Point", "coordinates": [ 121.556211, 25.020001 ] } },
{ "type": "Feature", "properties": { "name": "開封街1段79號店屋", "affection": "歷史建築", "category": "商店", "rank": null, "district": "中正區", "address": "中正區開封街一段79號", "new_address": "臺北市中正區開封街一段79號" }, "geometry": { "type": "Point", "coordinates": [ 121.511628, 25.04606 ] } },
{ "type": "Feature", "properties": { "name": "龍安坡黃宅濂讓居", "affection": "古蹟", "category": "宅第", "rank": "市定", "district": "大安區", "address": "大安區和平東路二段76巷4號", "new_address": "臺北市大安區和平東路二段76巷4號" }, "geometry": { "type": "Point", "coordinates": [ 121.539759, 25.02378 ] } },
{ "type": "Feature", "properties": { "name": "衡陽路58號店屋", "affection": "古蹟", "category": "商店", "rank": "市定", "district": "中正區", "address": "中正區衡陽路58號", "new_address": "臺北市中正區衡陽路58號" }, "geometry": { "type": "Point", "coordinates": [ 121.511937, 25.042186 ] } },
{ "type": "Feature", "properties": { "name": "艋舺地藏庵", "affection": "古蹟", "category": "寺廟", "rank": "市定", "district": "萬華區", "address": "萬華區西昌街245號", "new_address": "臺北市萬華區西昌街245號" }, "geometry": { "type": "Point", "coordinates": [ 121.500768, 25.036877 ] } },
{ "type": "Feature", "properties": { "name": "社子島溪洲底街屋", "affection": "歷史建築", "category": "宅第", "rank": null, "district": "士林區", "address": "士林區延平北路7段101巷32號", "new_address": "臺北市士林區延平北路7段101巷32號" }, "geometry": { "type": "Point", "coordinates": [ 121.50917, 25.084986 ] } },
{ "type": "Feature", "properties": { "name": "杭州南路一段75號日式宿舍", "affection": "歷史建築", "category": "宅第", "rank": null, "district": "中正區", "address": "中正區杭州南路1段75號", "new_address": "臺北市中正區杭州南路1段75號" }, "geometry": { "type": "Point", "coordinates": [ 121.526858, 25.043652 ] } },
{ "type": "Feature", "properties": { "name": "涼州街108號店屋", "affection": "歷史建築", "category": "宅第", "rank": null, "district": "大同區", "address": "大同區涼州街108號", "new_address": "臺北市大同區涼州街108號" }, "geometry": { "type": "Point", "coordinates": [ 121.511802, 25.060676 ] } },
{ "type": "Feature", "properties": { "name": "岩山新村", "affection": "歷史建築", "category": "宅第", "rank": null, "district": "士林區", "address": "士林區芝玉路1段79巷2號", "new_address": "臺北市士林區芝玉路1段79巷2號" }, "geometry": { "type": "Point", "coordinates": [ 121.534966, 25.105861 ] } },
{ "type": "Feature", "properties": { "name": "李春生紀念基督長老教會(大稻埕郵便電信支局)", "affection": "古蹟", "category": "教堂", "rank": "市定", "district": "大同區", "address": "大同區貴德街44號", "new_address": "臺北市大同區貴德街44號" }, "geometry": { "type": "Point", "coordinates": [ 121.508308, 25.055346 ] } },
{ "type": "Feature", "properties": { "name": "迪化街一段200號店屋", "affection": "歷史建築", "category": "宅第", "rank": null, "district": "大同區", "address": "大同區迪化街1段200號", "new_address": "臺北市大同區迪化街1段200號" }, "geometry": { "type": "Point", "coordinates": [ 121.509636, 25.063566 ] } },
{ "type": "Feature", "properties": { "name": "延平北路2段171號店屋（廬山軒）", "affection": "歷史建築", "category": "宅第", "rank": null, "district": "大同區", "address": "大同區延平北路2段171號", "new_address": "臺北市大同區延平北路2段171號" }, "geometry": { "type": "Point", "coordinates": [ 121.511684, 25.055428 ] } },
{ "type": "Feature", "properties": { "name": "西寧北路29、31號店屋", "affection": "歷史建築", "category": "宅第", "rank": null, "district": "大同區", "address": "大同區西寧北路29號", "new_address": "臺北市大同區西寧北路29號" }, "geometry": { "type": "Point", "coordinates": [ 121.508757, 25.05308 ] } },
{ "type": "Feature", "properties": { "name": "幸町日式宿舍－臨沂街27巷1號", "affection": "歷史建築", "category": "宅第", "rank": null, "district": "中正區", "address": "中正區臨沂街27巷1號", "new_address": "臺北市中正區臨沂街27巷1號" }, "geometry": { "type": "Point", "coordinates": [ 121.530435, 25.041189 ] } },
{ "type": "Feature", "properties": { "name": "青田街11巷1號", "affection": "歷史建築", "category": "宅第", "rank": null, "district": "大安區", "address": "大安區青田街11巷1號", "new_address": "臺北市大安區青田街11巷1號" }, "geometry": { "type": "Point", "coordinates": [ 121.531995, 25.026986 ] } },
{ "type": "Feature", "properties": { "name": "蔣渭水墓園", "affection": "歷史建築", "category": "墓葬", "rank": null, "district": "信義區", "address": "信義區六張犁崇德街底大安第六公墓", "new_address": "臺北市信義區六張犁崇德街底大安第六公墓" }, "geometry": { "type": "Point", "coordinates": [ 121.571047, 25.011357 ] } },
{ "type": "Feature", "properties": { "name": "圓山坑道", "affection": "歷史建築", "category": "關塞", "rank": null, "district": "中山區", "address": "中山區中山北路3段66號", "new_address": "臺北市中山區中山北路3段66號" }, "geometry": { "type": "Point", "coordinates": [ 121.522036, 25.049298 ] } },
{ "type": "Feature", "properties": { "name": "內湖郭氏墓", "affection": "歷史建築", "category": "墓葬", "rank": null, "district": "內湖區", "address": "內湖區內湖路1段91巷底", "new_address": "臺北市內湖區內湖路1段91巷底" }, "geometry": { "type": "Point", "coordinates": [ 121.581919, 25.079141 ] } },
{ "type": "Feature", "properties": { "name": "革命實踐研究院司令臺", "affection": "歷史建築", "category": "其他設施", "rank": null, "district": "文山區", "address": "文山區木柵路1段321號", "new_address": "臺北市文山區木柵路1段321號" }, "geometry": { "type": "Point", "coordinates": [ 121.573897, 24.998954 ] } },
{ "type": "Feature", "properties": { "name": "延平北路二段6、8號店屋", "affection": "歷史建築", "category": "其他設施", "rank": null, "district": "大同區", "address": "大同區延平北路二段6號", "new_address": "臺北市大同區延平北路二段6號" }, "geometry": { "type": "Point", "coordinates": [ 121.511947, 25.055456 ] } },
{ "type": "Feature", "properties": { "name": "安西街21巷1號", "affection": "歷史建築", "category": "宅第", "rank": null, "district": "大同區", "address": "大同區安西街21巷1號", "new_address": "臺北市大同區安西街21巷1號" }, "geometry": { "type": "Point", "coordinates": [ 121.510167, 25.059861 ] } },
{ "type": "Feature", "properties": { "name": "明石元二郎鳥居及鎌田正威鳥居", "affection": "歷史建築", "category": "牌坊", "rank": null, "district": "中山區", "address": "中山區林森公園內", "new_address": "臺北市中山區林森公園內" }, "geometry": { "type": "Point", "coordinates": [ 121.624794, 25.086468 ] } },
{ "type": "Feature", "properties": { "name": "博愛路2號店屋", "affection": "古蹟", "category": "商店", "rank": "市定", "district": "中正區", "address": "中正區博愛路2號", "new_address": "臺北市中正區博愛路2號" }, "geometry": { "type": "Point", "coordinates": [ 121.511121, 25.046877 ] } },
{ "type": "Feature", "properties": { "name": "黃成金墓園", "affection": "歷史建築", "category": "墓葬", "rank": null, "district": "士林區", "address": "士林區建業路73巷6號", "new_address": "臺北市士林區建業路73巷6號" }, "geometry": { "type": "Point", "coordinates": [ 121.549666, 25.137389 ] } },
{ "type": "Feature", "properties": { "name": "國立歷史博物館", "affection": "歷史建築", "category": "其他設施", "rank": null, "district": "中正區", "address": "中正區南海路49號", "new_address": "臺北市中正區南海路49號" }, "geometry": { "type": "Point", "coordinates": [ 121.511207, 25.031339 ] } },
{ "type": "Feature", "properties": { "name": "原七星郡役所", "affection": "歷史建築", "category": "辦公廳舍", "rank": null, "district": "中正區", "address": "中正區青島東路10號", "new_address": "臺北市中正區青島東路10號" }, "geometry": { "type": "Point", "coordinates": [ 121.522392, 25.043562 ] } },
{ "type": "Feature", "properties": { "name": "溫泉路119號", "affection": "歷史建築", "category": "宅第", "rank": null, "district": "北投區", "address": "北投區溫泉路119號（ A 棟、 B 棟）", "new_address": "臺北市北投區溫泉路119號（ A 棟、 B 棟）" }, "geometry": { "type": "Point", "coordinates": [ 121.512298, 25.136655 ] } },
{ "type": "Feature", "properties": { "name": "迪化街一段109號店屋", "affection": "歷史建築", "category": "其他設施", "rank": null, "district": "大同區", "address": "大同區迪化街1段109號", "new_address": "臺北市大同區迪化街1段109號" }, "geometry": { "type": "Point", "coordinates": [ 121.509636, 25.063566 ] } },
{ "type": "Feature", "properties": { "name": "內湖葫蘆洲吊橋橋墩", "affection": "歷史建築", "category": "橋樑", "rank": null, "district": "內湖區", "address": "內湖區內湖葫蘆洲吊橋橋墩QA", "new_address": "臺北市內湖區內湖葫蘆洲吊橋橋墩QA" }, "geometry": { "type": "Point", "coordinates": [ 121.592964, 25.084108 ] } },
{ "type": "Feature", "properties": { "name": "總督府山林課宿舍", "affection": "古蹟", "category": "宅第", "rank": "市定", "district": "大安區", "address": "大安區金山南路二段203巷15號", "new_address": "臺北市大安區金山南路二段203巷15號" }, "geometry": { "type": "Point", "coordinates": [ 121.526967, 25.02797 ] } },
{ "type": "Feature", "properties": { "name": "大稻埕圓環防空蓄水池", "affection": "古蹟", "category": "其他設施", "rank": "市定", "district": "大同區", "address": "大同區建成圓環", "new_address": "臺北市大同區建成圓環" }, "geometry": { "type": "Point", "coordinates": [ 121.51378, 25.065937 ] } },
{ "type": "Feature", "properties": { "name": "迪化街1段148號店屋", "affection": "歷史建築", "category": "其他設施", "rank": null, "district": "大同區", "address": "大同區迪化街1段148號", "new_address": "臺北市大同區迪化街1段148號" }, "geometry": { "type": "Point", "coordinates": [ 121.509636, 25.063566 ] } },
{ "type": "Feature", "properties": { "name": "康定路85號店屋（原慈惠醫院）", "affection": "歷史建築", "category": "商店,醫院,宅第", "rank": null, "district": "萬華區", "address": "萬華區康定路85號", "new_address": "臺北市萬華區康定路85號" }, "geometry": { "type": "Point", "coordinates": [ 121.502107, 25.040164 ] } },
{ "type": "Feature", "properties": { "name": "迪化街1段67號店屋", "affection": "歷史建築", "category": "宅第", "rank": null, "district": "大同區", "address": "大同區迪化街1段67號", "new_address": "臺北市大同區迪化街1段67號" }, "geometry": { "type": "Point", "coordinates": [ 121.509636, 25.063566 ] } },
{ "type": "Feature", "properties": { "name": "和平東路2段18巷10號", "affection": "歷史建築", "category": "宅第", "rank": null, "district": "大安區", "address": "大安區和平東路2段18巷10號", "new_address": "臺北市大安區和平東路2段18巷10號" }, "geometry": { "type": "Point", "coordinates": [ 121.555518, 25.019466 ] } },
{ "type": "Feature", "properties": { "name": "臺灣銀行", "affection": "古蹟", "category": "其他設施", "rank": "市定", "district": "中正區", "address": "中正區重慶南路1段120號", "new_address": "臺北市中正區重慶南路1段120號" }, "geometry": { "type": "Point", "coordinates": [ 121.515512, 25.029592 ] } },
{ "type": "Feature", "properties": { "name": "北市一號倉庫", "affection": "歷史建築", "category": "產業", "rank": null, "district": "松山區", "address": "松山區八德路2段346巷3弄2、4號", "new_address": "臺北市松山區八德路2段346巷3弄2、4號" }, "geometry": { "type": "Point", "coordinates": [ 121.549348, 25.047843 ] } },
{ "type": "Feature", "properties": { "name": "龍安國民小學「紅樓」（錦尋常小學校）", "affection": "歷史建築", "category": "學校", "rank": null, "district": "大安區", "address": "大安區新生南路3段33號", "new_address": "臺北市大安區新生南路3段33號" }, "geometry": { "type": "Point", "coordinates": [ 121.534075, 25.024603 ] } },
{ "type": "Feature", "properties": { "name": "衡陽路11號店屋", "affection": "古蹟", "category": "其他設施", "rank": "市定", "district": "中正區", "address": "中正區衡陽路11號", "new_address": "臺北市中正區衡陽路11號" }, "geometry": { "type": "Point", "coordinates": [ 121.513663, 25.042415 ] } },
{ "type": "Feature", "properties": { "name": "國立臺灣大學日式宿舍－和平東路1段183巷7弄6號", "affection": "歷史建築", "category": "宅第", "rank": null, "district": "大安區", "address": "大安區和平東路1段183巷7弄6號", "new_address": "臺北市大安區和平東路1段183巷7弄6號" }, "geometry": { "type": "Point", "coordinates": [ 121.556211, 25.020001 ] } },
{ "type": "Feature", "properties": { "name": "新慶利碾米廠", "affection": "歷史建築", "category": "其他設施", "rank": null, "district": "大同區", "address": "大同區迪化街1段257號", "new_address": "臺北市大同區迪化街1段257號" }, "geometry": { "type": "Point", "coordinates": [ 121.509636, 25.063566 ] } },
{ "type": "Feature", "properties": { "name": "士林神農宮(芝蘭廟)", "affection": "古蹟", "category": "寺廟", "rank": "市定", "district": "士林區", "address": "士林區臺北市士林區前街74號", "new_address": "臺北市士林區臺北市士林區前街74號" }, "geometry": { "type": "Point", "coordinates": [ 121.52011, 25.084894 ] } },
{ "type": "Feature", "properties": { "name": "迪化街二段374號", "affection": "歷史建築", "category": "宅第", "rank": null, "district": "大同區", "address": "大同區迪化街二段374號", "new_address": "臺北市大同區迪化街二段374號" }, "geometry": { "type": "Point", "coordinates": [ 121.512648, 25.073213 ] } },
{ "type": "Feature", "properties": { "name": "帝國生命保險株式會社臺北支店", "affection": "古蹟", "category": "其他設施", "rank": "市定", "district": "中正區", "address": "中正區博愛路162號", "new_address": "臺北市中正區博愛路162號" }, "geometry": { "type": "Point", "coordinates": [ 121.511312, 25.041564 ] } },
{ "type": "Feature", "properties": { "name": "永樂町派出所(迪化街1段260號)", "affection": "古蹟", "category": "機關", "rank": "市定", "district": "大同區", "address": "大同區迪化街1段260號", "new_address": "臺北市大同區迪化街1段260號" }, "geometry": { "type": "Point", "coordinates": [ 121.509636, 25.063566 ] } },
{ "type": "Feature", "properties": { "name": "國立臺灣大學日式宿舍-溫州街22巷4號", "affection": "古蹟", "category": "宅第", "rank": "市定", "district": "大安區", "address": "大安區溫州街22巷4號", "new_address": "臺北市大安區溫州街22巷4號" }, "geometry": { "type": "Point", "coordinates": [ 121.532328, 25.023719 ] } },
{ "type": "Feature", "properties": { "name": "迪化街一段284號店屋", "affection": "歷史建築", "category": "其他設施", "rank": null, "district": "大同區", "address": "大同區迪化街1段284號", "new_address": "臺北市大同區迪化街1段284號" }, "geometry": { "type": "Point", "coordinates": [ 121.509636, 25.063566 ] } },
{ "type": "Feature", "properties": { "name": "李臨秋故居", "affection": "古蹟", "category": "宅第", "rank": "市定", "district": "大同區", "address": "大同區西寧北路86巷4號", "new_address": "臺北市大同區西寧北路86巷4號" }, "geometry": { "type": "Point", "coordinates": [ 121.508725, 25.05518 ] } },
{ "type": "Feature", "properties": { "name": "十四份圳舊水閘門", "affection": "歷史建築", "category": "堤閘", "rank": null, "district": "內湖區", "address": "內湖區大湖南端", "new_address": "臺北市內湖區大湖南端" }, "geometry": { "type": "Point", "coordinates": [ 121.6015, 25.0869 ] } },
{ "type": "Feature", "properties": { "name": "臺北市政府舊廈(原建成小學校)", "affection": "古蹟", "category": "其他設施", "rank": "市定", "district": "大同區", "address": "大同區長安西路39號", "new_address": "臺北市大同區長安西路39號" }, "geometry": { "type": "Point", "coordinates": [ 121.519662, 25.050376 ] } },
{ "type": "Feature", "properties": { "name": "士林大東路54號店屋", "affection": "古蹟", "category": "宅第,其他設施", "rank": "市定", "district": "士林區", "address": "士林區大東路54號", "new_address": "臺北市士林區大東路54號" }, "geometry": { "type": "Point", "coordinates": [ 121.525497, 25.08976 ] } },
{ "type": "Feature", "properties": { "name": "艋舺集義宮", "affection": "歷史建築", "category": "寺廟", "rank": null, "district": "萬華區", "address": "萬華區康定路249號", "new_address": "臺北市萬華區康定路249號" }, "geometry": { "type": "Point", "coordinates": [ 121.501287, 25.034911 ] } },
{ "type": "Feature", "properties": { "name": "民樂街12號店屋", "affection": "歷史建築", "category": "宅第", "rank": null, "district": "大同區", "address": "大同區民樂街12號", "new_address": "臺北市大同區民樂街12號" }, "geometry": { "type": "Point", "coordinates": [ 121.510814, 25.055875 ] } },
{ "type": "Feature", "properties": { "name": "原三井物產株式會社臺北支店", "affection": "古蹟", "category": "辦公廳舍", "rank": "市定", "district": "中正區", "address": "中正區館前路54號", "new_address": "臺北市中正區館前路54號" }, "geometry": { "type": "Point", "coordinates": [ 121.514888, 25.043574 ] } },
{ "type": "Feature", "properties": { "name": "臺北第三高女(中山女中)", "affection": "古蹟", "category": "其他設施", "rank": "市定", "district": "中山區", "address": "中山區長安東路2段141號", "new_address": "臺北市中山區長安東路2段141號" }, "geometry": { "type": "Point", "coordinates": [ 121.530157, 25.048405 ] } },
{ "type": "Feature", "properties": { "name": "臺北植物園腊葉館", "affection": "古蹟", "category": "其他設施", "rank": "市定", "district": "中正區", "address": "中正區臺北植物園內", "new_address": "臺北市中正區臺北植物園內" }, "geometry": { "type": "Point", "coordinates": [ 121.5191, 25.031515 ] } },
{ "type": "Feature", "properties": { "name": "迪化街1段274號店屋", "affection": "歷史建築", "category": "宅第", "rank": null, "district": "大同區", "address": "大同區迪化街1段274號", "new_address": "臺北市大同區迪化街1段274號" }, "geometry": { "type": "Point", "coordinates": [ 121.509636, 25.063566 ] } },
{ "type": "Feature", "properties": { "name": "臺灣大學公共宿舍", "affection": "歷史建築", "category": "宅第", "rank": null, "district": "大安區", "address": "大安區和平東路1段248巷8號", "new_address": "臺北市大安區和平東路1段248巷8號" }, "geometry": { "type": "Point", "coordinates": [ 121.550581, 25.025118 ] } },
{ "type": "Feature", "properties": { "name": "延平北路二段13號店屋", "affection": "歷史建築", "category": "宅第", "rank": null, "district": "大同區", "address": "大同區臺北市大同區延平北路二段13號", "new_address": "臺北市大同區臺北市大同區延平北路二段13號" }, "geometry": { "type": "Point", "coordinates": [ 121.511205, 25.054893 ] } },
{ "type": "Feature", "properties": { "name": "齊東街53巷4號日式宿舍", "affection": "歷史建築", "category": "宅第", "rank": null, "district": "中正區", "address": "中正區齊東街53巷4號", "new_address": "臺北市中正區齊東街53巷4號" }, "geometry": { "type": "Point", "coordinates": [ 121.528051, 25.041597 ] } },
{ "type": "Feature", "properties": { "name": "美援宿舍群（長安東路2段155號、157號、159號，龍江路46巷6號、8號、10號）", "affection": "歷史建築", "category": "宅第", "rank": null, "district": "中山區", "address": "中山區長安東路2段155號", "new_address": "臺北市中山區長安東路2段155號" }, "geometry": { "type": "Point", "coordinates": [ 121.530157, 25.048405 ] } },
{ "type": "Feature", "properties": { "name": "義芳居古厝", "affection": "古蹟", "category": "宅第", "rank": "市定", "district": "大安區", "address": "大安區基隆路3段155巷128號", "new_address": "臺北市大安區基隆路3段155巷128號" }, "geometry": { "type": "Point", "coordinates": [ 121.553373, 25.02554 ] } },
{ "type": "Feature", "properties": { "name": "社子島善居室", "affection": "歷史建築", "category": "宅第", "rank": null, "district": "士林區", "address": "士林區延平北路七段63巷12弄5號", "new_address": "臺北市士林區延平北路七段63巷12弄5號" }, "geometry": { "type": "Point", "coordinates": [ 121.494796, 25.095592 ] } },
{ "type": "Feature", "properties": { "name": "松山療養所宿舍", "affection": "歷史建築", "category": "宅第", "rank": null, "district": "南港區", "address": "南港區臺北市南港區昆陽街185號", "new_address": "臺北市南港區臺北市南港區昆陽街185號" }, "geometry": { "type": "Point", "coordinates": [ 121.593617, 25.048186 ] } },
{ "type": "Feature", "properties": { "name": "博愛路7號店屋", "affection": "歷史建築", "category": "商店", "rank": null, "district": "中正區", "address": "中正區博愛路7號", "new_address": "臺北市中正區博愛路7號" }, "geometry": { "type": "Point", "coordinates": [ 121.511409, 25.046083 ] } },
{ "type": "Feature", "properties": { "name": "仁安醫院", "affection": "古蹟", "category": "宅第", "rank": "市定", "district": "大同區", "address": "大同區延平北路二段237號", "new_address": "臺北市大同區延平北路二段237號" }, "geometry": { "type": "Point", "coordinates": [ 121.511457, 25.060581 ] } },
{ "type": "Feature", "properties": { "name": "西本願寺（鐘樓、樹心會館）", "affection": "古蹟", "category": "其他設施", "rank": "市定", "district": "萬華區", "address": "萬華區中華路1段174號", "new_address": "臺北市萬華區中華路1段174號" }, "geometry": { "type": "Point", "coordinates": [ 121.509395, 25.024568 ] } },
{ "type": "Feature", "properties": { "name": "兩江醫院", "affection": "古蹟", "category": "醫院", "rank": "市定", "district": "大同區", "address": "大同區迪化街1段28號", "new_address": "臺北市大同區迪化街1段28號" }, "geometry": { "type": "Point", "coordinates": [ 121.509636, 25.063566 ] } },
{ "type": "Feature", "properties": { "name": "新生街5號、7號、9號", "affection": "歷史建築", "category": "宅第", "rank": null, "district": "北投區", "address": "北投區北投區新生街5號", "new_address": "臺北市北投區北投區新生街5號" }, "geometry": { "type": "Point", "coordinates": [ 121.538559, 25.154457 ] } },
{ "type": "Feature", "properties": { "name": "青田街8巷12號日式宿舍", "affection": "歷史建築", "category": "宅第", "rank": null, "district": "大安區", "address": "大安區青田街8巷12號", "new_address": "臺北市大安區青田街8巷12號" }, "geometry": { "type": "Point", "coordinates": [ 121.53095, 25.027542 ] } },
{ "type": "Feature", "properties": { "name": "國立臺灣大學日式宿舍－大安區瑞安街264巷16、18號", "affection": "歷史建築", "category": "宅第", "rank": null, "district": "大安區", "address": "大安區瑞安街264巷16號", "new_address": "臺北市大安區瑞安街264巷16號" }, "geometry": { "type": "Point", "coordinates": [ 121.538723, 25.026708 ] } },
{ "type": "Feature", "properties": { "name": "紹興北街31巷53號（糧食局倉庫）", "affection": "歷史建築", "category": "其他設施", "rank": null, "district": "中正區", "address": "中正區紹興北街31巷53號", "new_address": "臺北市中正區紹興北街31巷53號" }, "geometry": { "type": "Point", "coordinates": [ 121.526441, 25.045074 ] } },
{ "type": "Feature", "properties": { "name": "新富市場", "affection": "古蹟", "category": "產業", "rank": "市定", "district": "萬華區", "address": "萬華區三水街70號", "new_address": "臺北市萬華區三水街70號" }, "geometry": { "type": "Point", "coordinates": [ 121.503777, 25.035628 ] } },
{ "type": "Feature", "properties": { "name": "臺大農業陳列館", "affection": "歷史建築", "category": "其他設施", "rank": null, "district": "大安區", "address": "大安區羅斯福路4段1號", "new_address": "臺北市大安區羅斯福路4段1號" }, "geometry": { "type": "Point", "coordinates": [ 121.530434, 25.018636 ] } },
{ "type": "Feature", "properties": { "name": "北投真言宗石窟建築群", "affection": "古蹟", "category": "其他設施", "rank": "市定", "district": "北投區", "address": "北投區臺北市北投區丹鳳山", "new_address": "臺北市北投區臺北市北投區丹鳳山" }, "geometry": { "type": "Point", "coordinates": [ 121.50189, 25.133465 ] } },
{ "type": "Feature", "properties": { "name": "北投不動明王石窟", "affection": "古蹟", "category": "其他設施", "rank": "市定", "district": "北投區", "address": "北投區幽雅路杏林巷2號對面", "new_address": "臺北市北投區幽雅路杏林巷2號對面" }, "geometry": { "type": "Point", "coordinates": [ 121.516335, 25.137537 ] } },
{ "type": "Feature", "properties": { "name": "博愛路4、6、8號店屋", "affection": "古蹟", "category": "商店,其他設施", "rank": "市定", "district": "中正區", "address": "中正區博愛路4號", "new_address": "臺北市中正區博愛路4號" }, "geometry": { "type": "Point", "coordinates": [ 121.511122, 25.046841 ] } }
]
}
